dup_hash,n_labels,labels,occurrences
5131220686970814,2,Benign|Infilteration,2
9930751852796575,2,Benign|Infilteration,2
12178702071280804,2,Benign|Infilteration,2
18607255278611406,2,Benign|Infilteration,2
22543000791698903,2,Benign|Infilteration,2
28124046104178304,2,Benign|Infilteration,2
30696817088668496,2,Benign|Infilteration,2
31706933288386708,2,Benign|Infilteration,2
40960481716599039,2,Benign|Infilteration,2
41831658386044180,2,Benign|Infilteration,2
42864378424612192,2,Benign|Infilteration,2
43151061239030276,2,Benign|Infilteration,2
43207279099074305,2,Benign|Infilteration,2
44724376184482189,2,Benign|Infilteration,2
56911836216653986,2,Benign|Infilteration,2
56963816955167203,2,Benign|Infilteration,2
58450032284004792,2,Benign|Infilteration,2
61597748509504632,2,Benign|Infilteration,2
65154953468237398,2,Benign|Infilteration,2
65722236863306361,2,Benign|Infilteration,2
68927018927632017,2,Benign|Infilteration,2
70203357777496646,2,Benign|Infilteration,2
74635750160193246,2,Benign|Infilteration,2
77993154514293541,2,Benign|Infilteration,2
78148158098237506,2,Benign|Infilteration,2
78630511531349926,2,Benign|Infilteration,2
91899793602059118,2,Benign|Infilteration,2
93793632216982267,2,Benign|Infilteration,2
94865574549254207,2,Benign|Infilteration,2
96380635730998496,2,Benign|Infilteration,2
96393540534617687,2,Benign|Infilteration,2
98092310629919746,2,Benign|Infilteration,2
99454077815825571,2,Benign|Infilteration,2
99592111639130568,2,Benign|Infilteration,2
99841171306456380,2,Benign|Infilteration,2
101995030513988462,2,Benign|Infilteration,2
109675604320678265,2,Benign|Infilteration,2
114825179847328667,2,Benign|Infilteration,2
118704506673735499,2,Benign|Infilteration,2
119728570312996519,2,Benign|Infilteration,2
125741609181339402,2,Benign|Infilteration,2
125997922521062780,2,Benign|Infilteration,2
129718303009693036,2,Benign|Infilteration,2
138950470267722420,2,Benign|Infilteration,2
139352061216567103,2,Benign|Infilteration,2
139746008310204685,2,Benign|Infilteration,2
142754946584053194,2,Benign|Infilteration,2
142931136354752103,2,Benign|Infilteration,2
148051588354015802,2,Benign|Infilteration,2
153046306631916866,2,Benign|Infilteration,2
153531297944712176,2,Benign|Infilteration,2
153544407249593941,2,Benign|Infilteration,2
160173512080275402,2,Benign|Infilteration,2
162659062956278441,2,Benign|Infilteration,2
163894171775931617,2,Benign|Infilteration,2
164198326312887937,2,Benign|Infilteration,2
164776471923624240,2,Benign|Infilteration,2
169251797410699127,2,Benign|Infilteration,2
169394034305154762,2,Benign|Infilteration,2
171101998873752679,2,Benign|Infilteration,2
172694679943839197,2,Benign|Infilteration,2
182426017606730684,2,Benign|Infilteration,2
183303517696059253,2,Benign|Infilteration,2
183398067746156538,2,Benign|Infilteration,2
189876871922368512,2,Benign|Infilteration,2
192217176766240533,2,Benign|Infilteration,2
192777492538484713,2,Benign|Infilteration,2
195743079926547301,2,Benign|Infilteration,2
198097380958339831,2,Benign|Infilteration,2
212848503551566073,2,Benign|Infilteration,2
222480576352326670,2,Benign|Infilteration,2
224772352874941271,2,Benign|Infilteration,2
226572553133888363,2,Benign|Infilteration,2
229292130421512148,2,Benign|Infilteration,2
230324158100379780,2,Benign|Infilteration,2
231047613984299566,2,Benign|Infilteration,2
231578107507175809,2,Benign|Infilteration,2
238305533603612427,2,Benign|Infilteration,2
240259746396378983,2,Benign|Infilteration,2
241995461312903856,2,Benign|Infilteration,2
251757148586083328,2,Benign|Infilteration,2
252785287181508243,2,Benign|Infilteration,2
254503061792475451,2,Benign|Infilteration,2
256352169623634963,2,Benign|Infilteration,2
258287109881618623,2,Benign|Infilteration,2
259534515687787690,2,Benign|Infilteration,2
265268936759666428,2,Benign|Infilteration,2
268102843484643330,2,Benign|Infilteration,2
271219744241765638,2,Benign|Infilteration,2
274337657280860472,2,Benign|Infilteration,2
277092571935763916,2,Benign|Infilteration,2
277132767576052948,2,Benign|Infilteration,2
278420468261372427,2,Benign|Infilteration,2
287789301854562945,2,Benign|Infilteration,2
294283124614219851,2,Benign|Infilteration,2
295170537551268739,2,Benign|Infilteration,2
296477749819325575,2,Benign|Infilteration,2
304745006347397769,2,Benign|Infilteration,2
312256352605672579,2,Benign|Infilteration,2
315159820498100601,2,Benign|Infilteration,2
318813622883789820,2,Benign|Infilteration,2
326929831248041084,2,Benign|Infilteration,2
333692332673038000,2,Benign|Infilteration,2
335012168658739677,2,Benign|Infilteration,2
342247284696321422,2,Benign|Infilteration,2
344809745826078273,2,Benign|Infilteration,2
345428313146791322,2,Benign|Infilteration,2
352805026342688533,2,Benign|Infilteration,2
359952150389688199,2,Benign|Infilteration,2
361982774942876509,2,Benign|Infilteration,2
362029736882002857,2,Benign|Infilteration,2
363094584305056699,2,Benign|Infilteration,2
370487653234297030,2,Benign|Infilteration,2
370533809103257272,2,Benign|Infilteration,2
372302776260232753,2,Benign|Infilteration,2
374997061594155925,2,Benign|Infilteration,2
375811979044122436,2,Benign|Infilteration,2
377480482133985016,2,Benign|Infilteration,2
386620608103285264,2,Benign|Infilteration,2
387716912603934735,2,Benign|Infilteration,2
388448896627044505,2,Benign|Infilteration,2
389144233670415363,2,Benign|Infilteration,2
395612952401909357,2,Benign|Infilteration,2
405966899670596487,2,Benign|Infilteration,2
406862242263808762,2,Benign|Infilteration,2
408130937557953542,2,Benign|Infilteration,2
411124855823230085,2,Benign|Infilteration,2
412410059768869868,2,Benign|Infilteration,2
415580272246186949,2,Benign|Infilteration,2
419342134758984600,2,Benign|Infilteration,2
421297566530493062,2,Benign|Infilteration,2
423878626714937711,2,Benign|Infilteration,2
424018152498161461,2,Benign|Infilteration,2
425390732545604607,2,Benign|Infilteration,2
430282696469669381,2,Benign|Infilteration,2
431113260186197069,2,Benign|Infilteration,2
446537610530475093,2,Benign|Infilteration,2
448310667586992349,2,Benign|Infilteration,2
448399661767484024,2,Benign|Infilteration,2
450030296653095714,2,Benign|Infilteration,2
450056109174418229,2,Benign|Infilteration,2
455167303514468586,2,Benign|Infilteration,2
456501369822033053,2,Benign|Infilteration,2
457704183141042712,2,Benign|Infilteration,2
459607638296096082,2,Benign|Infilteration,2
460759312215948069,2,Benign|Infilteration,2
461833152192214890,2,Benign|Infilteration,2
462906365011861045,2,Benign|Infilteration,2
463022660276478235,2,Benign|Infilteration,2
466420436265953884,2,Benign|Infilteration,2
467858956471039855,2,Benign|Infilteration,2
471862933605930176,2,Benign|Infilteration,2
475846832363798312,2,Benign|Infilteration,2
476823340382210139,2,Benign|Infilteration,2
477755914775591739,2,Benign|Infilteration,2
485432806114143685,2,Benign|Infilteration,2
487267253796801996,2,Benign|Infilteration,2
488319314671850716,2,Benign|Infilteration,2
490981134556327221,2,Benign|Infilteration,2
491182832303649731,2,Benign|Infilteration,2
492117739567666972,2,Benign|Infilteration,2
494690038202795506,2,Benign|Infilteration,2
497853614836021693,2,Benign|Infilteration,2
499795347363237562,2,Benign|Infilteration,2
501384661338158411,2,Benign|Infilteration,2
503586472174687801,2,Benign|Infilteration,2
504775678323357586,2,Benign|Infilteration,2
507190780590331479,2,Benign|Infilteration,2
511027786851772032,2,Benign|Infilteration,2
513186206890269285,2,Benign|Infilteration,2
515621857850335913,2,Benign|Infilteration,2
522769935312038741,2,Benign|Infilteration,2
524161366528893539,2,Benign|Infilteration,2
524502929619442701,2,Benign|Infilteration,2
525049711096970249,2,Benign|Infilteration,2
533291107358059624,2,Benign|Infilteration,2
536336272898297324,2,Benign|Infilteration,2
542742684421716082,2,Benign|Infilteration,2
543412134559860455,2,Benign|Infilteration,2
544502944483841511,2,Benign|Infilteration,2
544955137089584189,2,Benign|Infilteration,2
545680533719408013,2,Benign|Infilteration,2
548048845122775309,2,Benign|Infilteration,2
554569730864305956,2,Benign|Infilteration,2
556514487190801345,2,Benign|Infilteration,2
560502041249887418,2,Benign|Infilteration,2
563384443417095963,2,Benign|Infilteration,2
565736280038411596,2,Benign|Infilteration,2
566640552998836960,2,Benign|Infilteration,2
567377949921876811,2,Benign|Infilteration,2
571888358353234772,2,Benign|Infilteration,2
572738541747541509,2,Benign|Infilteration,2
577358867395026635,2,Benign|Infilteration,2
579691573473872282,2,Benign|Infilteration,2
586000433734359480,2,Benign|Infilteration,2
593897353105132852,2,Benign|Infilteration,2
593987475927171320,2,Benign|Infilteration,2
596916342464330723,2,Benign|Infilteration,2
603036400287011625,2,Benign|Infilteration,2
606742764085425303,2,Benign|Infilteration,2
606946689963199435,2,Benign|Infilteration,2
610699750063635143,2,Benign|Infilteration,2
611734432495464930,2,Benign|Infilteration,2
612192961522871754,2,Benign|Infilteration,2
622719690534694598,2,Benign|Infilteration,2
623935354649381138,2,Benign|Infilteration,2
631074913667023149,2,Benign|Infilteration,2
632555185185725584,2,Benign|Infilteration,2
634367684727434218,2,Benign|Infilteration,2
636816506314577475,2,Benign|Infilteration,2
637221259151860874,2,Benign|Infilteration,2
638046510386488730,2,Benign|Infilteration,2
642288330281909169,2,Benign|Infilteration,2
645067801128999847,2,Benign|Infilteration,2
645127631535959820,2,Benign|Infilteration,2
658339693628162386,2,Benign|Infilteration,2
658725962036702298,2,Benign|Infilteration,2
660159485911409133,2,Benign|Infilteration,2
661141335744036519,2,Benign|Infilteration,2
662400547700224995,2,Benign|Infilteration,2
665094403088288650,2,Benign|Infilteration,2
668882990858196346,2,Benign|Infilteration,2
669157096863379610,2,Benign|Infilteration,2
669617253614712235,2,Benign|Infilteration,2
671653536707947992,2,Benign|Infilteration,2
673618592182592728,2,Benign|Infilteration,2
676291446934613331,2,Benign|Infilteration,2
676992630331174536,2,Benign|Infilteration,2
677652833899841004,2,Benign|Infilteration,2
680599309626668976,2,Benign|Infilteration,2
681115829901966580,2,Benign|Infilteration,2
684242075447973810,2,Benign|Infilteration,2
686618605391675662,2,Benign|Infilteration,2
693251447198024766,2,Benign|Infilteration,2
698044772858265445,2,Benign|Infilteration,2
706550195456130446,2,Benign|Infilteration,2
708329552814417925,2,Benign|Infilteration,2
712043853996652238,2,Benign|Infilteration,2
712966108218222976,2,Benign|Infilteration,2
714108745990523686,2,Benign|Infilteration,2
714740828755399537,2,Benign|Infilteration,2
718577520640209045,2,Benign|Infilteration,2
722636579745766327,2,Benign|Infilteration,2
724411629199011773,2,Benign|Infilteration,2
725937735493218964,2,Benign|Infilteration,2
727177973849930695,2,Benign|Infilteration,2
727680574432162298,2,Benign|Infilteration,2
730619345654252716,2,Benign|Infilteration,2
738897855004435119,2,Benign|Infilteration,2
738909936430202747,2,Benign|Infilteration,2
740752311184138306,2,Benign|Infilteration,2
741029848363939387,2,Benign|Infilteration,2
747048480772951717,2,Benign|Infilteration,2
749396242286881519,2,Benign|Infilteration,2
751317326495143803,2,Benign|Infilteration,2
752690348104981527,2,Benign|Infilteration,2
754081963146544436,2,Benign|Infilteration,2
755677550376755315,2,Benign|Infilteration,2
759752446107364426,2,Benign|Infilteration,2
760143450447516307,2,Benign|Infilteration,2
765155959049431332,2,Benign|Infilteration,2
765535734294741883,2,Benign|Infilteration,2
770980139962897711,2,Benign|Infilteration,2
773214156824570011,2,Benign|Infilteration,2
781622050390254450,2,Benign|Infilteration,2
788456208199893564,2,Benign|Infilteration,2
789363543959092542,2,Benign|Infilteration,2
791546657538045671,2,Benign|Infilteration,2
792117477232197279,2,Benign|Infilteration,2
798776415845406308,2,Benign|Infilteration,2
802306788468719566,2,Benign|Infilteration,2
803248926130422591,2,Benign|Infilteration,2
805081168404974109,2,Benign|Infilteration,2
812518319428819198,2,Benign|Infilteration,2
817270829940602480,2,Benign|Infilteration,2
818566563387696381,2,Benign|Infilteration,2
819292333424853466,2,Benign|Infilteration,2
820379944874799056,2,Benign|Infilteration,2
825777447122865790,2,Benign|Infilteration,2
830902390260889475,2,Benign|Infilteration,2
836298213667677739,2,Benign|Infilteration,2
841439695881615933,2,Benign|Infilteration,2
845711969257410565,2,Benign|Infilteration,2
850005947459992113,2,Benign|Infilteration,2
851367347307023239,2,Benign|Infilteration,2
858873176017800808,2,Benign|Infilteration,2
861051619862683932,2,Benign|Infilteration,2
862200080947133029,2,Benign|Infilteration,2
862263103088769444,2,Benign|Infilteration,2
865589078897253406,2,Benign|Infilteration,2
867126879393486209,2,Benign|Infilteration,2
868109156383300850,2,Benign|Infilteration,2
868937176518954337,2,Benign|Infilteration,2
881345791674033054,2,Benign|Infilteration,2
886547940457153986,2,Benign|Infilteration,2
897356745654293778,2,Benign|Infilteration,2
903845690228576814,2,Benign|Infilteration,2
912733772876061886,2,Benign|Infilteration,2
915272559815226930,2,Benign|Infilteration,2
925993871150049607,2,Benign|Infilteration,2
926297080547615017,2,Benign|Infilteration,2
933633841618889772,2,Benign|Infilteration,2
933733177803897612,2,Benign|Infilteration,2
934306312872912178,2,Benign|Infilteration,2
939901811854615080,2,Benign|Infilteration,2
940359471701432679,2,Benign|Infilteration,2
941712464577342856,2,Benign|Infilteration,2
948488394171188243,2,Benign|Infilteration,2
950076543086801657,2,Benign|Infilteration,2
951335910120769166,2,Benign|Infilteration,2
951454910899775292,2,Benign|Infilteration,2
951970241487812090,2,Benign|Infilteration,2
954385174335683914,2,Benign|Infilteration,2
959532024471451073,2,Benign|Infilteration,2
960425446593470552,2,Benign|Infilteration,2
964271198835839306,2,Benign|Infilteration,2
972019996723191981,2,Benign|Infilteration,2
981336750623659979,2,Benign|Infilteration,2
981772101267621503,2,Benign|Infilteration,2
984161201016631163,2,Benign|Infilteration,2
984916176045020558,2,Benign|Infilteration,2
987788121086244986,2,Benign|Infilteration,2
989355432799062858,2,Benign|Infilteration,2
989584297850669707,2,Benign|Infilteration,2
990147108414931502,2,Benign|Infilteration,2
994686314091250748,2,Benign|Infilteration,2
997442053106068754,2,Benign|Infilteration,2
1002441432034546905,2,Benign|Infilteration,2
1004074056038323987,2,Benign|Infilteration,2
1004195201413466893,2,Benign|Infilteration,2
1006526871755756553,2,Benign|Infilteration,2
1007141121920114826,2,Benign|Infilteration,2
1010922741945579375,2,Benign|Infilteration,2
1016693221945552653,2,Benign|Infilteration,2
1022362001390333925,2,Benign|Infilteration,2
1022431592452828938,2,Benign|Infilteration,2
1023295217515757736,2,Benign|Infilteration,2
1038496152098967181,2,Benign|Infilteration,2
1041064154245053789,2,Benign|Infilteration,2
1045274277335818421,2,Benign|Infilteration,2
1045788716510254609,2,Benign|Infilteration,2
1050565081744820579,2,Benign|Infilteration,2
1052285231000363572,2,Benign|Infilteration,2
1055704977317064873,2,Benign|Infilteration,2
1057491401395409437,2,Benign|Infilteration,2
1057613003196333033,2,Benign|Infilteration,2
1059061021395880098,2,Benign|Infilteration,2
1060225874204054579,2,Benign|Infilteration,2
1060965736348231985,2,Benign|Infilteration,2
1061549497925090831,2,Benign|Infilteration,2
1062664320092758788,2,Benign|Infilteration,2
1066774263043573152,2,Benign|Infilteration,2
1070310769595678066,2,Benign|Infilteration,2
1083013050639599527,2,Benign|Infilteration,2
1083787300917429879,2,Benign|Infilteration,2
1089078472184841793,2,Benign|Infilteration,2
1089211609769238827,2,Benign|Infilteration,2
1096800061551745468,2,Benign|Infilteration,2
1097012535579939905,2,Benign|Infilteration,2
1099678446820400034,2,Benign|Infilteration,2
1105233329718313157,2,Benign|Infilteration,2
1106700356469963948,2,Benign|Infilteration,2
1117787089943187198,2,Benign|Infilteration,2
1118857466846037305,2,Benign|Infilteration,2
1121667652484629868,2,Benign|Infilteration,2
1122567363748853313,2,Benign|Infilteration,2
1122658243305899538,2,Benign|Infilteration,2
1123924114487148062,2,Benign|Infilteration,2
1127534392163775711,2,Benign|Infilteration,2
1130604340848785495,2,Benign|Infilteration,2
1139323188447245050,2,Benign|Infilteration,2
1143369294022458043,2,Benign|Infilteration,2
1151813047164713280,2,Benign|Infilteration,2
1155409918917264754,2,Benign|Infilteration,2
1157601585445143121,2,Benign|Infilteration,2
1157791675981961600,2,Benign|Infilteration,2
1163492157736996222,2,Benign|Infilteration,2
1167491909888853741,2,Benign|Infilteration,2
1167944945869853559,2,Benign|Infilteration,2
1175202581074731909,2,Benign|Infilteration,2
1182576905042514751,2,Benign|Infilteration,2
1184087575503836637,2,Benign|Infilteration,2
1187651362973868129,2,Benign|Infilteration,2
1189155168928203626,2,Benign|Infilteration,2
1196612341284474226,2,Benign|Infilteration,2
1198178462357562802,2,Benign|Infilteration,2
1198935684858320871,2,Benign|Infilteration,2
1201724652335885475,2,Benign|Infilteration,2
1207469839873438048,2,Benign|Infilteration,2
1222360500894472142,2,Benign|Infilteration,2
1223689237531946395,2,Benign|Infilteration,2
1227416669698770268,2,Benign|Infilteration,2
1237170977836006299,2,Benign|Infilteration,2
1238884200675645010,2,Benign|Infilteration,2
1239620974959041987,2,Benign|Infilteration,2
1240412143205561096,2,Benign|Infilteration,2
1249241722627654971,2,Benign|Infilteration,2
1251481346965437508,2,Benign|Infilteration,2
1256446514991934352,2,Benign|Infilteration,2
1257461190677867076,2,Benign|Infilteration,2
1260187797158472872,2,Benign|Infilteration,2
1261390750027334581,2,Benign|Infilteration,2
1262264450503833136,2,Benign|Infilteration,2
1264234769222981931,2,Benign|Infilteration,2
1266096289775882832,2,Benign|Infilteration,2
1270198765868069459,2,Benign|Infilteration,2
1272220271957478229,2,Benign|Infilteration,2
1272765860378803938,2,Benign|Infilteration,2
1274068940789697185,2,Benign|Infilteration,2
1275248933128514597,2,Benign|Infilteration,2
1279027713140033068,2,Benign|Infilteration,2
1293355540132753292,2,Benign|Infilteration,2
1294042289414300201,2,Benign|Infilteration,2
1295836410077337734,2,Benign|Infilteration,2
1297253622803715196,2,Benign|Infilteration,2
1297836260893974080,2,Benign|Infilteration,2
1299762743934060213,2,Benign|Infilteration,2
1306379633582440042,2,Benign|Infilteration,2
1307419627231820690,2,Benign|Infilteration,2
1309642156946099862,2,Benign|Infilteration,2
1312122370121560265,2,Benign|Infilteration,2
1313904650763436241,2,Benign|Infilteration,2
1317578616754753535,2,Benign|Infilteration,2
1318664718223437822,2,Benign|Infilteration,2
1320433969567518978,2,Benign|Infilteration,2
1321103780899307449,2,Benign|Infilteration,2
1323511631211204895,2,Benign|Infilteration,2
1328027992601645572,2,Benign|Infilteration,2
1333326212179257970,2,Benign|Infilteration,2
1338050783926265726,2,Benign|Infilteration,2
1338199851859026233,2,Benign|Infilteration,2
1338428525833798138,2,Benign|Infilteration,2
1346817779123272330,2,Benign|Infilteration,2
1349155714126385143,2,Benign|Infilteration,2
1352070848160733955,2,Benign|Infilteration,2
1357755683285469515,2,Benign|Infilteration,2
1361579471754925178,2,Benign|Infilteration,2
1361871769781818344,2,Benign|Infilteration,2
1362112729592998467,2,Benign|Infilteration,2
1369133006786005752,2,Benign|Infilteration,2
1369171396017584434,2,Benign|Infilteration,2
1369722680899137599,2,Benign|Infilteration,2
1377909278979795894,2,Benign|Infilteration,2
1382480571911669509,2,Benign|Infilteration,2
1383698842169733284,2,Benign|Infilteration,2
1383907281792349225,2,Benign|Infilteration,2
1386609733419758331,2,Benign|Infilteration,2
1389210362872269487,2,Benign|Infilteration,2
1389788024583204552,2,Benign|Infilteration,2
1397267086933934565,2,Benign|Infilteration,2
1408164683066696272,2,Benign|Infilteration,2
1409032461195451532,2,Benign|Infilteration,2
1411370197259724511,2,Benign|Infilteration,2
1413307017425657366,2,Benign|Infilteration,2
1413656568193054115,2,Benign|Infilteration,2
1414855841850822379,2,Benign|Infilteration,2
1417645791915253410,2,Benign|Infilteration,2
1418154482251026956,2,Benign|Infilteration,2
1423661432903840377,2,Benign|Infilteration,2
1424001553272695672,2,Benign|Infilteration,2
1426612713336076552,2,Benign|Infilteration,2
1427237315158599037,2,Benign|Infilteration,2
1431377621168744421,2,Benign|Infilteration,2
1431393876197634864,2,Benign|Infilteration,2
1433295685981003010,2,Benign|Infilteration,2
1436279475828532774,2,Benign|Infilteration,2
1437375757844219628,2,Benign|Infilteration,2
1439652913413157294,2,Benign|Infilteration,2
1440504843547993762,2,Benign|Infilteration,2
1444531494450532750,2,Benign|Infilteration,2
1445810113409075829,2,Benign|Infilteration,2
1445927342841988405,2,Benign|Infilteration,2
1449627819080887575,2,Benign|Infilteration,2
1449698454003048851,2,Benign|Infilteration,2
1461990800602970370,2,Benign|Infilteration,2
1462984775511662655,2,Benign|Infilteration,2
1465856006827710038,2,Benign|Infilteration,2
1469238987734635400,2,Benign|Infilteration,2
1470295716826265417,2,Benign|Infilteration,2
1470883767438543886,2,Benign|Infilteration,2
1480284120303778033,2,Benign|Infilteration,2
1483386522659989114,2,Benign|Infilteration,2
1488620495848531738,2,Benign|Infilteration,2
1491389731922398186,2,Benign|Infilteration,2
1493069826896259623,2,Benign|Infilteration,2
1494078250828903166,2,Benign|Infilteration,2
1501579434298335668,2,Benign|Infilteration,2
1505789899677724195,2,Benign|Infilteration,2
1509641883858013692,2,Benign|Infilteration,2
1512020771867149426,2,Benign|Infilteration,2
1513920480389687144,2,Benign|Infilteration,2
1514301619254675281,2,Benign|Infilteration,2
1520097081133600801,2,Benign|Infilteration,2
1525206686486183016,2,Benign|Infilteration,2
1530913546756508561,2,Benign|Infilteration,2
1531034095287566644,2,Benign|Infilteration,2
1531617556373653013,2,Benign|Infilteration,2
1533202453292613942,2,Benign|Infilteration,2
1534710514996147892,2,Benign|Infilteration,2
1537733035198386452,2,Benign|Infilteration,2
1540834290099270414,2,Benign|Infilteration,2
1541280654328364076,2,Benign|Infilteration,2
1551221046360230771,2,Benign|Infilteration,2
1551300878534665464,2,Benign|Infilteration,2
1556455907034426069,2,Benign|Infilteration,2
1557564128130411159,2,Benign|Infilteration,2
1558671531012032844,2,Benign|Infilteration,2
1563602202467995603,2,Benign|Infilteration,2
1574001654312205926,2,Benign|Infilteration,2
1580602290249711893,2,Benign|Infilteration,2
1584999689778415936,2,Benign|Infilteration,2
1585692059311215095,2,Benign|Infilteration,2
1588090169895655083,2,Benign|Infilteration,2
1588331022929041544,2,Benign|Infilteration,2
1600932655567838120,2,Benign|Infilteration,2
1604759120481492639,2,Benign|Infilteration,2
1606774936353127578,2,Benign|Infilteration,2
1610244847772678341,2,Benign|Infilteration,2
1612155964860914298,2,Benign|Infilteration,2
1621289389857225782,2,Benign|Infilteration,2
1621483381196841371,2,Benign|Infilteration,2
1624180025118235461,2,Benign|Infilteration,2
1629177245844017048,2,Benign|Infilteration,2
1631446833224897702,2,Benign|Infilteration,2
1632226446476875552,2,Benign|Infilteration,2
1634168927336781599,2,Benign|Infilteration,2
1637571025767763779,2,Benign|Infilteration,2
1637823589793982680,2,Benign|Infilteration,2
1637994587696123875,2,Benign|Infilteration,2
1642242390824927846,2,Benign|Infilteration,2
1643153917976304291,2,Benign|Infilteration,2
1645601583990242178,2,Benign|Infilteration,2
1647632275078890573,2,Benign|Infilteration,2
1649410186403249499,2,Benign|Infilteration,2
1651605069489217013,2,Benign|Infilteration,2
1655553233065876237,2,Benign|Infilteration,2
1656386887975509517,2,Benign|Infilteration,2
1661807947089180380,2,Benign|Infilteration,2
1662516709168428726,2,Benign|Infilteration,2
1663780597085302333,2,Benign|Infilteration,2
1664470714572209484,2,Benign|Infilteration,2
1664953674290208673,2,Benign|Infilteration,2
1668485291786921665,2,Benign|Infilteration,2
1672788494349535215,2,Benign|Infilteration,2
1673956864878862779,2,Benign|Infilteration,2
1674925188493974444,2,Benign|Infilteration,2
1677029664820195357,2,Benign|Infilteration,2
1681193512073034086,2,Benign|Infilteration,2
1681780162330957212,2,Benign|Infilteration,2
1684169755900471084,2,Benign|Infilteration,2
1684635160182253027,2,Benign|Infilteration,2
1688607776994593423,2,Benign|Infilteration,2
1689579653763363464,2,Benign|Infilteration,2
1694529202458040727,2,Benign|Infilteration,2
1696499563415830488,2,Benign|Infilteration,2
1699393263587116734,2,Benign|Infilteration,2
1700767238109975807,2,Benign|Infilteration,2
1701753072364142218,2,Benign|Infilteration,2
1703114842657142673,2,Benign|Infilteration,2
1703495108793841904,2,Benign|Infilteration,2
1706200177506873909,2,Benign|Infilteration,2
1712913154204879291,2,Benign|Infilteration,2
1715639130109393626,2,Benign|Infilteration,2
1716958251282359234,2,Benign|Infilteration,2
1717038656931617193,2,Benign|Infilteration,2
1717255040178656580,2,Benign|Infilteration,2
1719393461182039480,2,Benign|Infilteration,2
1728497573104239708,2,Benign|Infilteration,2
1731173790693878369,2,Benign|Infilteration,2
1732181811471050005,2,Benign|Infilteration,2
1737301805389074034,2,Benign|Infilteration,2
1737752702006804036,2,Benign|Infilteration,2
1738361269604153284,2,Benign|Infilteration,2
1742046003707223206,2,Benign|Infilteration,2
1742223643237475299,2,Benign|Infilteration,2
1745615636575600634,2,Benign|Infilteration,2
1748062873033442974,2,Benign|Infilteration,2
1750075498522015519,2,Benign|Infilteration,2
1751960598413085242,2,Benign|Infilteration,2
1755127273838732968,2,Benign|Infilteration,2
1759327080913754153,2,Benign|Infilteration,2
1764116076917712492,2,Benign|Infilteration,2
1779009835012848092,2,Benign|Infilteration,2
1782352751276920185,2,Benign|Infilteration,2
1784465707744110011,2,Benign|Infilteration,2
1788422029520381968,2,Benign|Infilteration,2
1789603483931355119,2,Benign|Infilteration,2
1791481920479467339,2,Benign|Infilteration,2
1791939888783558554,2,Benign|Infilteration,2
1792880823209748641,2,Benign|Infilteration,2
1795906747815248610,2,Benign|Infilteration,2
1798132654181456582,2,Benign|Infilteration,2
1798272321435009190,2,Benign|Infilteration,2
1802096728105177320,2,Benign|Infilteration,2
1808109940334362198,2,Benign|Infilteration,2
1808212367429974257,2,Benign|Infilteration,2
1808860016498816493,2,Benign|Infilteration,2
1809331100098030592,2,Benign|Infilteration,2
1810107164850081558,2,Benign|Infilteration,2
1813748227226529385,2,Benign|Infilteration,2
1814140947974136766,2,Benign|Infilteration,2
1814326414030783154,2,Benign|Infilteration,2
1817977397061233975,2,Benign|Infilteration,2
1821190635938778184,2,Benign|Infilteration,2
1822175681563224935,2,Benign|Infilteration,2
1826382943920162311,2,Benign|Infilteration,2
1827575050444821244,2,Benign|Infilteration,2
1832997073039170398,2,Benign|Infilteration,2
1833410939630586141,2,Benign|Infilteration,2
1837021359247413817,2,Benign|Infilteration,2
1837154956459559615,2,Benign|Infilteration,2
1838054872305500900,2,Benign|Infilteration,2
1839501624954590033,2,Benign|Infilteration,2
1840542648944827355,2,Benign|Infilteration,2
1841897696187477099,2,Benign|Infilteration,2
1847642134998677429,2,Benign|Infilteration,2
1847975593557710837,2,Benign|Infilteration,2
1849791316499336289,2,Benign|Infilteration,2
1859201024184207069,2,Benign|Infilteration,2
1867264230370455332,2,Benign|Infilteration,2
1869428488955080939,2,Benign|Infilteration,2
1870578936322536237,2,Benign|Infilteration,2
1872682514352268848,2,Benign|Infilteration,2
1875776344257664470,2,Benign|Infilteration,2
1876227315622930822,2,Benign|Infilteration,2
1880935785997727096,2,Benign|Infilteration,2
1881816486957744496,2,Benign|Infilteration,2
1882165679205885215,2,Benign|Infilteration,2
1882524556085464139,2,Benign|Infilteration,2
1882793376906134637,2,Benign|Infilteration,2
1884407008498403404,2,Benign|Infilteration,2
1887690034677086394,2,Benign|Infilteration,2
1887719578053309721,2,Benign|Infilteration,2
1888427817256722001,2,Benign|Infilteration,2
1889288670336332529,2,Benign|Infilteration,2
1896923397704555242,2,Benign|Infilteration,2
1898106544590709299,2,Benign|Infilteration,2
1900103311874163812,2,Benign|Infilteration,2
1903907779133020702,2,Benign|Infilteration,2
1904787264598356398,2,Benign|Infilteration,2
1913163677670370597,2,Benign|Infilteration,2
1914705633605613308,2,Benign|Infilteration,2
1917109142236056884,2,Benign|Infilteration,2
1917534742421226942,2,Benign|Infilteration,2
1920002292849800598,2,Benign|Infilteration,2
1922895526868881814,2,Benign|Infilteration,2
1925090913324468589,2,Benign|Infilteration,2
1925358366691976843,2,Benign|Infilteration,2
1925769281944325058,2,Benign|Infilteration,2
1927892138938084792,2,Benign|Infilteration,2
1929311255353935139,2,Benign|Infilteration,2
1930323230966917516,2,Benign|Infilteration,2
1932526956465266922,2,Benign|Infilteration,2
1932976105489737387,2,Benign|Infilteration,2
1934105360824111085,2,Benign|Infilteration,2
1935898856845843648,2,Benign|Infilteration,2
1939177030273585191,2,Benign|Infilteration,2
1940984457096523768,2,Benign|Infilteration,2
1941836157417639834,2,Benign|Infilteration,2
1948566691961660395,2,Benign|Infilteration,2
1953899289968640905,2,Benign|Infilteration,2
1958022654709089631,2,Benign|Infilteration,2
1969198206928904272,2,Benign|Infilteration,2
1972005308031084075,2,Benign|Infilteration,2
1973374091894436451,2,Benign|Infilteration,2
1977764144966852923,2,Benign|Infilteration,2
1980167301127460203,2,Benign|Infilteration,2
1982548913405783176,2,Benign|Infilteration,2
1983801664122261452,2,Benign|Infilteration,2
1984199193689824176,2,Benign|Infilteration,2
1985124678265988818,2,Benign|Infilteration,2
1988599862232023078,2,Benign|Infilteration,2
1995112331579089367,2,Benign|Infilteration,2
2006098852804030595,2,Benign|Infilteration,2
2006928499657013787,2,Benign|Infilteration,2
2012520458559573023,2,Benign|Infilteration,2
2016959719870478495,2,Benign|Infilteration,2
2017422006403430557,2,Benign|Infilteration,2
2020875023353681195,2,Benign|Infilteration,2
2025222914633143355,2,Benign|Infilteration,2
2026175219757735111,2,Benign|Infilteration,2
2028378545214501002,2,Benign|Infilteration,2
2028419049370977972,2,Benign|Infilteration,2
2028929064222542110,2,Benign|Infilteration,2
2035164015239041265,2,Benign|Infilteration,2
2037325430799417871,2,Benign|Infilteration,2
2041110932967152276,2,Benign|Infilteration,2
2050504872594564105,2,Benign|Infilteration,2
2050957452952956312,2,Benign|Infilteration,2
2056378251548285425,2,Benign|Infilteration,2
2059908936981669347,2,Benign|Infilteration,2
2060897667931799207,2,Benign|Infilteration,2
2062238483933405856,2,Benign|Infilteration,2
2062261923448045659,2,Benign|Infilteration,2
2063866148190593436,2,Benign|Infilteration,2
2067607006449097028,2,Benign|Infilteration,2
2067778829612851104,2,Benign|Infilteration,2
2071408364691362269,2,Benign|Infilteration,2
2072747544630358948,2,Benign|Infilteration,2
2074725789276435458,2,Benign|Infilteration,2
2075784428057655073,2,Benign|Infilteration,2
2077117376720278024,2,Benign|Infilteration,2
2079229578948836855,2,Benign|Infilteration,2
2079966664387956705,2,Benign|Infilteration,2
2080253380921530640,2,Benign|Infilteration,2
2087989900806190350,2,Benign|Infilteration,2
2088752313777058740,2,Benign|Infilteration,2
2089305020067203123,2,Benign|Infilteration,2
2092068881876134654,2,Benign|Infilteration,2
2095083950647246576,2,Benign|Infilteration,2
2097129679838107674,2,Benign|Infilteration,2
2097405804211395209,2,Benign|Infilteration,2
2098103288337848042,2,Benign|Infilteration,2
2099799248012181141,2,Benign|Infilteration,2
2100881779580364445,2,Benign|Infilteration,2
2105420593491429177,2,Benign|Infilteration,2
2110820732354400751,2,Benign|Infilteration,2
2122475659227191122,2,Benign|Infilteration,2
2123644293726747523,2,Benign|Infilteration,2
2124617804642850311,2,Benign|Infilteration,2
2125927925064302245,2,Benign|Infilteration,2
2132116580735641188,2,Benign|Infilteration,2
2136158803388848385,2,Benign|Infilteration,2
2137753321065916749,2,Benign|Infilteration,2
2142103874587650873,2,Benign|Infilteration,2
2142679949505777601,2,Benign|Infilteration,2
2143744313082616276,2,Benign|Infilteration,2
2145355242924012528,2,Benign|Infilteration,2
2146079327202335739,2,Benign|Infilteration,2
2146311498054250112,2,Benign|Infilteration,2
2148133940092336169,2,Benign|Infilteration,2
2152651386351175394,2,Benign|Infilteration,2
2155147267194311946,2,Benign|Infilteration,2
2158676343399355271,2,Benign|Infilteration,2
2168618271328635920,2,Benign|Infilteration,2
2181496737508762130,2,Benign|Infilteration,2
2181550193038868312,2,Benign|Infilteration,2
2182256139747211634,2,Benign|Infilteration,2
2185260929488324943,2,Benign|Infilteration,2
2189680902894671051,2,Benign|Infilteration,2
2200543682440714533,2,Benign|Infilteration,2
2201839617081817349,2,Benign|Infilteration,2
2202829439874320686,2,Benign|Infilteration,2
2203006593091437697,2,Benign|Infilteration,2
2204077288937380029,2,Benign|Infilteration,2
2205678208473642608,2,Benign|Infilteration,2
2214755117122895808,2,Benign|Infilteration,2
2214830088614513197,2,Benign|Infilteration,2
2215706640605292344,2,Benign|Infilteration,2
2216038810382642402,2,Benign|Infilteration,2
2216520942854105270,2,Benign|Infilteration,2
2227693411270004259,2,Benign|Infilteration,2
2228572143807327697,2,Benign|Infilteration,2
2230032054804971124,2,Benign|Infilteration,2
2238793367575917657,2,Benign|Infilteration,2
2239662150668589251,2,Benign|Infilteration,2
2243055088664470981,2,Benign|Infilteration,2
2251887596961238720,2,Benign|Infilteration,2
2256002198645950124,2,Benign|Infilteration,2
2258688087193479389,2,Benign|Infilteration,2
2261436776223161563,2,Benign|Infilteration,2
2271614496247143256,2,Benign|Infilteration,2
2284595947957128813,2,Benign|Infilteration,2
2284653343362612989,2,Benign|Infilteration,2
2299358647424190484,2,Benign|Infilteration,2
2303984546554371765,2,Benign|Infilteration,2
2315033673580759587,2,Benign|Infilteration,2
2316895731623648201,2,Benign|Infilteration,2
2317505340627494963,2,Benign|Infilteration,2
2317939142857078946,2,Benign|Infilteration,2
2319184306400738964,2,Benign|Infilteration,2
2322841395600116857,2,Benign|Infilteration,2
2323616912362721318,2,Benign|Infilteration,2
2323686341827982856,2,Benign|Infilteration,2
2324373689991850587,2,Benign|Infilteration,2
2326357934087300866,2,Benign|Infilteration,2
2328481118118755713,2,Benign|Infilteration,2
2330181567549969038,2,Benign|Infilteration,2
2333276678621945945,2,Benign|Infilteration,2
2333717824169845998,2,Benign|Infilteration,2
2338373306557545057,2,Benign|Infilteration,2
2338547787398031878,2,Benign|Infilteration,2
2342236518458438458,2,Benign|Infilteration,2
2346940287441808987,2,Benign|Infilteration,2
2351647263621335785,2,Benign|Infilteration,2
2357042050040102537,2,Benign|Infilteration,2
2358563940380608381,2,Benign|Infilteration,2
2363691299149334532,2,Benign|Infilteration,2
2364611003832708839,2,Benign|Infilteration,2
2364708066084984355,2,Benign|Infilteration,2
2365878233911776085,2,Benign|Infilteration,2
2369217199527591465,2,Benign|Infilteration,2
2370825001065207715,2,Benign|Infilteration,2
2370842051890405030,2,Benign|Infilteration,2
2375298244137947848,2,Benign|Infilteration,2
2375665809000969161,2,Benign|Infilteration,2
2378286342534672399,2,Benign|Infilteration,2
2381841991787006689,2,Benign|Infilteration,2
2382926336326946426,2,Benign|Infilteration,2
2389248880316053161,2,Benign|Infilteration,2
2392938251526050553,2,Benign|Infilteration,2
2394154729184700009,2,Benign|Infilteration,2
2395627343621022726,2,Benign|Infilteration,2
2396784528814222430,2,Benign|Infilteration,2
2403531048727948764,2,Benign|Infilteration,2
2409088459633295160,2,Benign|Infilteration,2
2411082712669496212,2,Benign|Infilteration,2
2415837558366719184,2,Benign|Infilteration,2
2417012421310938522,2,Benign|Infilteration,2
2417221037394904114,2,Benign|Infilteration,2
2420850211482732267,2,Benign|Infilteration,2
2423083044400470194,2,Benign|Infilteration,2
2423381881614726239,2,Benign|Infilteration,2
2424514227089502447,2,Benign|Infilteration,2
2425368881989841634,2,Benign|Infilteration,2
2427687474015570555,2,Benign|Infilteration,2
2428008129759944572,2,Benign|Infilteration,2
2428297468489926329,2,Benign|Infilteration,2
2435902004882400455,2,Benign|Infilteration,2
2436726617474694097,2,Benign|Infilteration,2
2437255701278068722,2,Benign|Infilteration,2
2443099166098290957,2,Benign|Infilteration,2
2450093283626557044,2,Benign|Infilteration,2
2452383385219261073,2,Benign|Infilteration,2
2453887425041269960,2,Benign|Infilteration,2
2465077146825989521,2,Benign|Infilteration,2
2467261502039869026,2,Benign|Infilteration,2
2470517917407155617,2,Benign|Infilteration,2
2472513783425542874,2,Benign|Infilteration,2
2474181428653375976,2,Benign|Infilteration,2
2476350636112450188,2,Benign|Infilteration,2
2478250263496674973,2,Benign|Infilteration,2
2479878568084677233,2,Benign|Infilteration,2
2486735200765260001,2,Benign|Infilteration,2
2487141962720088827,2,Benign|Infilteration,2
2487951412536012492,2,Benign|Infilteration,2
2491805070293783713,2,Benign|Infilteration,2
2492134404845996318,2,Benign|Infilteration,2
2493939388160378295,2,Benign|Infilteration,2
2500496575092102289,2,Benign|Infilteration,2
2505829924978249899,2,Benign|Infilteration,2
2507357736327632513,2,Benign|Infilteration,2
2507861817177373906,2,Benign|Infilteration,2
2508470116365263630,2,Benign|Infilteration,2
2511665576476204953,2,Benign|Infilteration,2
2514425904951975839,2,Benign|Infilteration,2
2516594400334053845,2,Benign|Infilteration,2
2516923548144246699,2,Benign|Infilteration,2
2527642449642044300,2,Benign|Infilteration,2
2528273042531836958,2,Benign|Infilteration,2
2531601413559495992,2,Benign|Infilteration,2
2533971510590019188,2,Benign|Infilteration,2
2534080839672350394,2,Benign|Infilteration,2
2542815589490089163,2,Benign|Infilteration,2
2545509056016968893,2,Benign|Infilteration,2
2546662708982417429,2,Benign|Infilteration,2
2551737919346997367,2,Benign|Infilteration,2
2551980164888101520,2,Benign|Infilteration,2
2553639452345820314,2,Benign|Infilteration,2
2554287176441189433,2,Benign|Infilteration,2
2554948026227694738,2,Benign|Infilteration,2
2555000431534458331,2,Benign|Infilteration,2
2562444392920173765,2,Benign|Infilteration,2
2563249137649113953,2,Benign|Infilteration,2
2563494019089962888,2,Benign|Infilteration,2
2565692154429877579,2,Benign|Infilteration,2
2568050366040446510,2,Benign|Infilteration,2
2572242112091580826,2,Benign|Infilteration,2
2572641016653462888,2,Benign|Infilteration,2
2575613484523791149,2,Benign|Infilteration,2
2576209311820407856,2,Benign|Infilteration,2
2578574894916514819,2,Benign|Infilteration,2
2580477504716998382,2,Benign|Infilteration,2
2583158377820355474,2,Benign|Infilteration,2
2583488968305182348,2,Benign|Infilteration,2
2584519003581508302,2,Benign|Infilteration,2
2589421012474455995,2,Benign|Infilteration,2
2591383297832547052,2,Benign|Infilteration,2
2609397014379100193,2,Benign|Infilteration,2
2610703927937875520,2,Benign|Infilteration,2
2610808099931084569,2,Benign|Infilteration,2
2612620145390688609,2,Benign|Infilteration,2
2625378825131047637,2,Benign|Infilteration,2
2625869299478803914,2,Benign|Infilteration,2
2627149485683072057,2,Benign|Infilteration,2
2634027230061213696,2,Benign|Infilteration,2
2638551841795367910,2,Benign|Infilteration,2
2639584695268598772,2,Benign|Infilteration,2
2644021617539524739,2,Benign|Infilteration,2
2645369665841159921,2,Benign|Infilteration,2
2646185955182293332,2,Benign|Infilteration,2
2648792289773141922,2,Benign|Infilteration,2
2654241050198587334,2,Benign|Infilteration,2
2655122820712709035,2,Benign|Infilteration,2
2657344923601361683,2,Benign|Infilteration,2
2662708470806417733,2,Benign|Infilteration,2
2666122311607585840,2,Benign|Infilteration,2
2673532234790101934,2,Benign|Infilteration,2
2673815478904267772,2,Benign|Infilteration,2
2682465246853386413,2,Benign|Infilteration,2
2682889182999247174,2,Benign|Infilteration,2
2685026831716807916,2,Benign|Infilteration,2
2690321327085493918,2,Benign|Infilteration,2
2691646217289652315,2,Benign|Infilteration,2
2691670888656967121,2,Benign|Infilteration,2
2695411549360905114,2,Benign|Infilteration,2
2696378815114131910,2,Benign|Infilteration,2
2697712589004086256,2,Benign|Infilteration,2
2697807941471745663,2,Benign|Infilteration,2
2698702970909257635,2,Benign|Infilteration,2
2702415911621601986,2,Benign|Infilteration,2
2707220053147830721,2,Benign|Infilteration,2
2716934687059718829,2,Benign|Infilteration,2
2718209481008008425,2,Benign|Infilteration,2
2725660590575600901,2,Benign|Infilteration,2
2731488806710370055,2,Benign|Infilteration,2
2732339099004115624,2,Benign|Infilteration,2
2738374263108128239,2,Benign|Infilteration,2
2739279684625881861,2,Benign|Infilteration,2
2744224518239539467,2,Benign|Infilteration,2
2745322445901178424,2,Benign|Infilteration,2
2757045355443352224,2,Benign|Infilteration,2
2757161861883469612,2,Benign|Infilteration,2
2759558619318587976,2,Benign|Infilteration,2
2759817938244568021,2,Benign|Infilteration,2
2762650480891350338,2,Benign|Infilteration,2
2764372648717033728,2,Benign|Infilteration,2
2768128088957275952,2,Benign|Infilteration,2
2771284985692505141,2,Benign|Infilteration,2
2772047451611386525,2,Benign|Infilteration,2
2777912350528726467,2,Benign|Infilteration,2
2784436757730078294,2,Benign|Infilteration,2
2786087807583531426,2,Benign|Infilteration,2
2791327249972372058,2,Benign|Infilteration,2
2794391520222632828,2,Benign|Infilteration,2
2807902143872771753,2,Benign|Infilteration,2
2808941262887115859,2,Benign|Infilteration,2
2809595405685248090,2,Benign|Infilteration,2
2815653649995105420,2,Benign|Infilteration,2
2816580198219899109,2,Benign|Infilteration,2
2829333865075577713,2,Benign|Infilteration,2
2833879893327109089,2,Benign|Infilteration,2
2838371630992546548,2,Benign|Infilteration,2
2849542709321374395,2,Benign|Infilteration,2
2849560847013487110,2,Benign|Infilteration,2
2855105603740348424,2,Benign|Infilteration,2
2857121055096875487,2,Benign|Infilteration,2
2858185613998037054,2,Benign|Infilteration,2
2861552902556988448,2,Benign|Infilteration,2
2866164290393903911,2,Benign|Infilteration,2
2866937860874620210,2,Benign|Infilteration,2
2867062612509010228,2,Benign|Infilteration,2
2870948573025740488,2,Benign|Infilteration,2
2871545668171066831,2,Benign|Infilteration,2
2871685351457510632,2,Benign|Infilteration,2
2872696891733203325,2,Benign|Infilteration,2
2882030706817730642,2,Benign|Infilteration,2
2886466463981281274,2,Benign|Infilteration,2
2897607030827785060,2,Benign|Infilteration,2
2899431993410165925,2,Benign|Infilteration,2
2916356996957667397,2,Benign|Infilteration,2
2918190653147480205,2,Benign|Infilteration,2
2924069639335335670,2,Benign|Infilteration,2
2927010125815424900,2,Benign|Infilteration,2
2929863230225523290,2,Benign|Infilteration,2
2936208391566337400,2,Benign|Infilteration,2
2936518090844314408,2,Benign|Infilteration,2
2937875431438855531,2,Benign|Infilteration,2
2939385464181374467,2,Benign|Infilteration,2
2940160404728553981,2,Benign|Infilteration,2
2945255046450808662,2,Benign|Infilteration,2
2946462545417780659,2,Benign|Infilteration,2
2948819419865138606,2,Benign|Infilteration,2
2949065057840918990,2,Benign|Infilteration,2
2949614656905779077,2,Benign|Infilteration,2
2960545922923179992,2,Benign|Infilteration,2
2963618701843614068,2,Benign|Infilteration,2
2969352317735539047,2,Benign|Infilteration,2
2970229947743700665,2,Benign|Infilteration,2
2970361847736975874,2,Benign|Infilteration,2
2979529441050201930,2,Benign|Infilteration,2
2980581260994124075,2,Benign|Infilteration,2
2980916463496071733,2,Benign|Infilteration,2
2988987632890716753,2,Benign|Infilteration,2
2992445248477756179,2,Benign|Infilteration,2
2994112046171087658,2,Benign|Infilteration,2
2995153815795621834,2,Benign|Infilteration,2
2995362931626757215,2,Benign|Infilteration,2
2997159207464525348,2,Benign|Infilteration,2
2997314007223270792,2,Benign|Infilteration,2
3008885642099223448,2,Benign|Infilteration,2
3009862864607485074,2,Benign|Infilteration,2
3011809027896562566,2,Benign|Infilteration,2
3019538849840354561,2,Benign|Infilteration,2
3023908387276128412,2,Benign|Infilteration,2
3024859736043571935,2,Benign|Infilteration,2
3030885961341597858,2,Benign|Infilteration,2
3031000029677739196,2,Benign|Infilteration,2
3032615973115583554,2,Benign|Infilteration,2
3041729374165756408,2,Benign|Infilteration,2
3042138991907466885,2,Benign|Infilteration,2
3045870084562355340,2,Benign|Infilteration,2
3050020585856206321,2,Benign|Infilteration,2
3052223516991969576,2,Benign|Infilteration,2
3052310749380486632,2,Benign|Infilteration,2
3053088304331182437,2,Benign|Infilteration,2
3054462398091649054,2,Benign|Infilteration,2
3054868855194306423,2,Benign|Infilteration,2
3057266576633232508,2,Benign|Infilteration,2
3060034535960250524,2,Benign|Infilteration,2
3061558165176818720,2,Benign|Infilteration,2
3064249161587058758,2,Benign|Infilteration,2
3065508665552675466,2,Benign|Infilteration,2
3070738321572968823,2,Benign|Infilteration,2
3071474370154490207,2,Benign|Infilteration,2
3073307722631954211,2,Benign|Infilteration,2
3078564941036967727,2,Benign|Infilteration,2
3080399251810417977,2,Benign|Infilteration,2
3082342517363168765,2,Benign|Infilteration,2
3082748659652117339,2,Benign|Infilteration,2
3083876652311924092,2,Benign|Infilteration,2
3084453213956997133,2,Benign|Infilteration,2
3084565208926760634,2,Benign|Infilteration,2
3085344484556230067,2,Benign|Infilteration,2
3087201774671293306,2,Benign|Infilteration,2
3088713371445245619,2,Benign|Infilteration,2
3092330507273639688,2,Benign|Infilteration,2
3094880549458915873,2,Benign|Infilteration,2
3095024941349228901,2,Benign|Infilteration,2
3100213289490931803,2,Benign|Infilteration,2
3102524087755142192,2,Benign|Infilteration,2
3102979416447916431,2,Benign|Infilteration,2
3103621094755503552,2,Benign|Infilteration,2
3104411667239970919,2,Benign|Infilteration,2
3105282593514593194,2,Benign|Infilteration,2
3107824478652957531,2,Benign|Infilteration,2
3109010490376392817,2,Benign|Infilteration,2
3112639306063487715,2,Benign|Infilteration,2
3116781197742080267,2,Benign|Infilteration,2
3117118285853314884,2,Benign|Infilteration,2
3118886004183063506,2,Benign|Infilteration,2
3121591695929078885,2,Benign|Infilteration,2
3122619558456721333,2,Benign|Infilteration,2
3125876112659386852,2,Benign|Infilteration,2
3127593171496317138,2,Benign|Infilteration,2
3133023386012750487,2,Benign|Infilteration,2
3134697188823554733,2,Benign|Infilteration,2
3135694232710970039,2,Benign|Infilteration,2
3138858210881203286,2,Benign|Infilteration,2
3140783723747159989,2,Benign|Infilteration,2
3143236671937793417,2,Benign|Infilteration,2
3147575255030474801,2,Benign|Infilteration,2
3148512510696195445,2,Benign|Infilteration,2
3150104225534259233,2,Benign|Infilteration,2
3154387308189291028,2,Benign|Infilteration,2
3156130819583292222,2,Benign|Infilteration,2
3158159491589516950,2,Benign|Infilteration,2
3158934955408505789,2,Benign|Infilteration,2
3160609863947254998,2,Benign|Infilteration,2
3165142762392817465,2,Benign|Infilteration,2
3167233438805863216,2,Benign|Infilteration,2
3172263643106059492,2,Benign|Infilteration,2
3172965429904736077,2,Benign|Infilteration,2
3177065438959722034,2,Benign|Infilteration,2
3184872700544237142,2,Benign|Infilteration,2
3188366125050251756,2,Benign|Infilteration,2
3193443628637686510,2,Benign|Infilteration,2
3202970764624747648,2,Benign|Infilteration,2
3203508335366400657,2,Benign|Infilteration,2
3204539658292473344,2,Benign|Infilteration,2
3205530220814204366,2,Benign|Infilteration,2
3208197140049221157,2,Benign|Infilteration,2
3210257124562879057,2,Benign|Infilteration,2
3211980961226381126,2,Benign|Infilteration,2
3223542241079736292,2,Benign|Infilteration,2
3225760012259773480,2,Benign|Infilteration,2
3226230383459682778,2,Benign|Infilteration,2
3232761498445632737,2,Benign|Infilteration,2
3237825838697483208,2,Benign|Infilteration,2
3240267325865843292,2,Benign|Infilteration,2
3241763530099494347,2,Benign|Infilteration,2
3249312644379125483,2,Benign|Infilteration,2
3252068625786164598,2,Benign|Infilteration,2
3252337349715201770,2,Benign|Infilteration,2
3258711387490599158,2,Benign|Infilteration,2
3259396984887894760,2,Benign|Infilteration,2
3259663924960777904,2,Benign|Infilteration,2
3261254056277063553,2,Benign|Infilteration,2
3262995582240252644,2,Benign|Infilteration,2
3266368139516527351,2,Benign|Infilteration,2
3266612103914885654,2,Benign|Infilteration,2
3268607641669100171,2,Benign|Infilteration,2
3268851985770484209,2,Benign|Infilteration,2
3275481892026416051,2,Benign|Infilteration,2
3277526081092099394,2,Benign|Infilteration,2
3277570909454527082,2,Benign|Infilteration,2
3279367295524525190,2,Benign|Infilteration,2
3280631549083736298,2,Benign|Infilteration,2
3281742917918986854,2,Benign|Infilteration,2
3283008599194390463,2,Benign|Infilteration,2
3285154178483187947,2,Benign|Infilteration,2
3286350994085426636,2,Benign|Infilteration,2
3287606506484241392,2,Benign|Infilteration,2
3290161430116465278,2,Benign|Infilteration,2
3291434643814253418,2,Benign|Infilteration,2
3292071520901129459,2,Benign|Infilteration,2
3292110635314072272,2,Benign|Infilteration,2
3294092031725241418,2,Benign|Infilteration,2
3298698661439882566,2,Benign|Infilteration,2
3300330165807767824,2,Benign|Infilteration,2
3305780360910865009,2,Benign|Infilteration,2
3307386409151121014,2,Benign|Infilteration,2
3308441247530176970,2,Benign|Infilteration,2
3311676358802731510,2,Benign|Infilteration,2
3314865839463066122,2,Benign|Infilteration,2
3315235368672680827,2,Benign|Infilteration,2
3318296253509033171,2,Benign|Infilteration,2
3320879256659230886,2,Benign|Infilteration,2
3336845522054743596,2,Benign|Infilteration,2
3339016710853996651,2,Benign|Infilteration,2
3339940957684722848,2,Benign|Infilteration,2
3343112923296486638,2,Benign|Infilteration,2
3344356083189016408,2,Benign|Infilteration,2
3349438820327095813,2,Benign|Infilteration,2
3351894820393952424,2,Benign|Infilteration,2
3352223920910755527,2,Benign|Infilteration,2
3361568937625868791,2,Benign|Infilteration,2
3361792011771785888,2,Benign|Infilteration,2
3362681466316754075,2,Benign|Infilteration,2
3364072954830629110,2,Benign|Infilteration,2
3374387643694949089,2,Benign|Infilteration,2
3376638910182739478,2,Benign|Infilteration,2
3377328681597227218,2,Benign|Infilteration,2
3386422789056926918,2,Benign|Infilteration,2
3389518457171888396,2,Benign|Infilteration,2
3391390825568541383,2,Benign|Infilteration,2
3391718621312282826,2,Benign|Infilteration,2
3400421379733657311,2,Benign|Infilteration,2
3403887692757357758,2,Benign|Infilteration,2
3407179004854123749,2,Benign|Infilteration,2
3410688781652961453,2,Benign|Infilteration,2
3411605379434587463,2,Benign|Infilteration,2
3412370135182779292,2,Benign|Infilteration,2
3421529124032926323,2,Benign|Infilteration,2
3424044828132945730,2,Benign|Infilteration,2
3426073969745388262,2,Benign|Infilteration,2
3430428476012147012,2,Benign|Infilteration,2
3430798947501369538,2,Benign|Infilteration,2
3435681673887059360,2,Benign|Infilteration,2
3438112345761964510,2,Benign|Infilteration,2
3446333047220350622,2,Benign|Infilteration,2
3452366842482104501,2,Benign|Infilteration,2
3456360278250425766,2,Benign|Infilteration,2
3457261735592226387,2,Benign|Infilteration,2
3458737504978591371,2,Benign|Infilteration,2
3472808118026992442,2,Benign|Infilteration,2
3475923804345071679,2,Benign|Infilteration,2
3477848097529196245,2,Benign|Infilteration,2
3478598016886281930,2,Benign|Infilteration,2
3478616189026933543,2,Benign|Infilteration,2
3480677674635785917,2,Benign|Infilteration,2
3486824122345997070,2,Benign|Infilteration,2
3488955427368553103,2,Benign|Infilteration,2
3490625189273441036,2,Benign|Infilteration,2
3491147846840383815,2,Benign|Infilteration,2
3491813852984612169,2,Benign|Infilteration,2
3493382717834713381,2,Benign|Infilteration,2
3493480460629834362,2,Benign|Infilteration,2
3495936186103297279,2,Benign|Infilteration,2
3497057306891017115,2,Benign|Infilteration,2
3500966408622600745,2,Benign|Infilteration,2
3506868396697265492,2,Benign|Infilteration,2
3509995325414958704,2,Benign|Infilteration,2
3511902117119481061,2,Benign|Infilteration,2
3519550066241986704,2,Benign|Infilteration,2
3523658799487051499,2,Benign|Infilteration,2
3529927466997564017,2,Benign|Infilteration,2
3533529805096345226,2,Benign|Infilteration,2
3533805925744433743,2,Benign|Infilteration,2
3533961028193882111,2,Benign|Infilteration,2
3536410978287485322,2,Benign|Infilteration,2
3537211107302553497,2,Benign|Infilteration,2
3545177825655036933,2,Benign|Infilteration,2
3547224985177549758,2,Benign|Infilteration,2
3548761655778370982,2,Benign|Infilteration,2
3549666136835670219,2,Benign|Infilteration,2
3556897882612225515,2,Benign|Infilteration,2
3566187236282212339,2,Benign|Infilteration,2
3566533926109977441,2,Benign|Infilteration,2
3567288503278247424,2,Benign|Infilteration,2
3567904304378558286,2,Benign|Infilteration,2
3569657224680629256,2,Benign|Infilteration,2
3571888137882079388,2,Benign|Infilteration,2
3574744048057170985,2,Benign|Infilteration,2
3579943078797997785,2,Benign|Infilteration,2
3585311654887006015,2,Benign|Infilteration,2
3590232782160274352,2,Benign|Infilteration,2
3594023120237967972,2,Benign|Infilteration,2
3601904260906311472,2,Benign|Infilteration,2
3603816665908169067,2,Benign|Infilteration,2
3603833477731814594,2,Benign|Infilteration,2
3609423989095902519,2,Benign|Infilteration,2
3620811193296672941,2,Benign|Infilteration,2
3624464322797921849,2,Benign|Infilteration,2
3627883398645100412,2,Benign|Infilteration,2
3629079253690017731,2,Benign|Infilteration,2
3629171220767388796,2,Benign|Infilteration,2
3633500353574298230,2,Benign|Infilteration,2
3635143328406697227,2,Benign|Infilteration,2
3638473481438217830,2,Benign|Infilteration,2
3638860687671634704,2,Benign|Infilteration,2
3639481819253742326,2,Benign|Infilteration,2
3641541279710233166,2,Benign|Infilteration,2
3643415545243600101,2,Benign|Infilteration,2
3644138226358967226,2,Benign|Infilteration,2
3647712821173268799,2,Benign|Infilteration,2
3648107713360759088,2,Benign|Infilteration,2
3648913833355686931,2,Benign|Infilteration,2
3651504333426480968,2,Benign|Infilteration,2
3661919553477518297,2,Benign|Infilteration,2
3662563559215634384,2,Benign|Infilteration,2
3664203180352259108,2,Benign|Infilteration,2
3676739383719631905,2,Benign|Infilteration,2
3678559879282098101,2,Benign|Infilteration,2
3682278616530398332,2,Benign|Infilteration,2
3682366174083231003,2,Benign|Infilteration,2
3684041044221540247,2,Benign|Infilteration,2
3688074507141412265,2,Benign|Infilteration,2
3688444431375901596,2,Benign|Infilteration,2
3692408911507101422,2,Benign|Infilteration,2
3701572651807127752,2,Benign|Infilteration,2
3704828530539216907,2,Benign|Infilteration,2
3711291117589369822,2,Benign|Infilteration,2
3713045779506258660,2,Benign|Infilteration,2
3719938902673680754,2,Benign|Infilteration,2
3722204044333016336,2,Benign|Infilteration,2
3724933540222761364,2,Benign|Infilteration,2
3736445806585165071,2,Benign|Infilteration,2
3738609452154814923,2,Benign|Infilteration,2
3738972269722562573,2,Benign|Infilteration,2
3740675195851488457,2,Benign|Infilteration,2
3741479944788808513,2,Benign|Infilteration,2
3746238961779682773,2,Benign|Infilteration,2
3746499933395744633,2,Benign|Infilteration,2
3748916488246505202,2,Benign|Infilteration,2
3750557117027369789,2,Benign|Infilteration,2
3756472526912700579,2,Benign|Infilteration,2
3758578391884560754,2,Benign|Infilteration,2
3763734708736059771,2,Benign|Infilteration,2
3774722669292663746,2,Benign|Infilteration,2
3776341487872447103,2,Benign|Infilteration,2
3777666082970516254,2,Benign|Infilteration,2
3781227136436246818,2,Benign|Infilteration,2
3784998403656610051,2,Benign|Infilteration,2
3785628334757138126,2,Benign|Infilteration,2
3789619799827446853,2,Benign|Infilteration,2
3799144311622534823,2,Benign|Infilteration,2
3799336551990887137,2,Benign|Infilteration,2
3800470061844336708,2,Benign|Infilteration,2
3801378297083942687,2,Benign|Infilteration,2
3803143323933704155,2,Benign|Infilteration,2
3804758386339730245,2,Benign|Infilteration,2
3810557568457447227,2,Benign|Infilteration,2
3812984096441354061,2,Benign|Infilteration,2
3820631464513879450,2,Benign|Infilteration,2
3825877854352534758,2,Benign|Infilteration,2
3827454894694912632,2,Benign|Infilteration,2
3831860749010094650,2,Benign|Infilteration,2
3835984268152203340,2,Benign|Infilteration,2
3840003617261887113,2,Benign|Infilteration,2
3847348874188586175,2,Benign|Infilteration,2
3852445109816179604,2,Benign|Infilteration,2
3855466868510462708,2,Benign|Infilteration,2
3856729685223872128,2,Benign|Infilteration,2
3858400203466270914,2,Benign|Infilteration,2
3860479525320018689,2,Benign|Infilteration,2
3861847358410345646,2,Benign|Infilteration,2
3863949129442981121,2,Benign|Infilteration,2
3869003534808858541,2,Benign|Infilteration,2
3872203397409803602,2,Benign|Infilteration,2
3874575675151934058,2,Benign|Infilteration,2
3875674146733904644,2,Benign|Infilteration,2
3881368462936984291,2,Benign|Infilteration,2
3882533709076880560,2,Benign|Infilteration,2
3891309214125371128,2,Benign|Infilteration,2
3891699665827701174,2,Benign|Infilteration,2
3895769018463891146,2,Benign|Infilteration,2
3915545748037622258,2,Benign|Infilteration,2
3917159402013963892,2,Benign|Infilteration,2
3917986912391871113,2,Benign|Infilteration,2
3920448647372250526,2,Benign|Infilteration,2
3922563124162442852,2,Benign|Infilteration,2
3928057841555274243,2,Benign|Infilteration,2
3929934714446612927,2,Benign|Infilteration,2
3931300805198670684,2,Benign|Infilteration,2
3935280736765282908,2,Benign|Infilteration,2
3936452322587107649,2,Benign|Infilteration,2
3943496924930626929,2,Benign|Infilteration,2
3944930415226700979,2,Benign|Infilteration,2
3945332932346232652,2,Benign|Infilteration,2
3951152875836625960,2,Benign|Infilteration,2
3954173604881536007,2,Benign|Infilteration,2
3955243394423985827,2,Benign|Infilteration,2
3955508102524400615,2,Benign|Infilteration,2
3955635715301627225,2,Benign|Infilteration,2
3956936847842991750,2,Benign|Infilteration,2
3957573368056860750,2,Benign|Infilteration,2
3959341581573740479,2,Benign|Infilteration,2
3965735640285094407,2,Benign|Infilteration,2
3967641315478387808,2,Benign|Infilteration,2
3967987038660238816,2,Benign|Infilteration,2
3984954926394829270,2,Benign|Infilteration,2
3985888569119192294,2,Benign|Infilteration,2
3988734855017888914,2,Benign|Infilteration,2
3989306757740799657,2,Benign|Infilteration,2
3992266254067336378,2,Benign|Infilteration,2
3993771032379598006,2,Benign|Infilteration,2
3996066046149560880,2,Benign|Infilteration,2
3996653822578443891,2,Benign|Infilteration,2
3997199654144401074,2,Benign|Infilteration,2
4001032473333093488,2,Benign|Infilteration,2
4002648686133458761,2,Benign|Infilteration,2
4004193792628842905,2,Benign|Infilteration,2
4004421861226992483,2,Benign|Infilteration,2
4004735231949926972,2,Benign|Infilteration,2
4009452511408390900,2,Benign|Infilteration,2
4011759172245105248,2,Benign|Infilteration,2
4014227026718225214,2,Benign|Infilteration,2
4014762999449031672,2,Benign|Infilteration,2
4017173861057247041,2,Benign|Infilteration,2
4018508196932760150,2,Benign|Infilteration,2
4022361389223842905,2,Benign|Infilteration,2
4022665254796677518,2,Benign|Infilteration,2
4024228604436221116,2,Benign|Infilteration,2
4024504017579676266,2,Benign|Infilteration,2
4024861128402758256,2,Benign|Infilteration,2
4027293238655705536,2,Benign|Infilteration,2
4029039709615462915,2,Benign|Infilteration,2
4032653065495014577,2,Benign|Infilteration,2
4033102148971039342,2,Benign|Infilteration,2
4036234577962057308,2,Benign|Infilteration,2
4042831636015317593,2,Benign|Infilteration,2
4057951758148834185,2,Benign|Infilteration,2
4059872586180821301,2,Benign|Infilteration,2
4062222272001003218,2,Benign|Infilteration,2
4067322582435921685,2,Benign|Infilteration,2
4068746227089164534,2,Benign|Infilteration,2
4068769096685266229,2,Benign|Infilteration,2
4071046747607717941,2,Benign|Infilteration,2
4072185382118549034,2,Benign|Infilteration,2
4076063642865034366,2,Benign|Infilteration,2
4082421389911534670,2,Benign|Infilteration,2
4083393164987501037,2,Benign|Infilteration,2
4083839533461053665,2,Benign|Infilteration,2
4089434109788237947,2,Benign|Infilteration,2
4090930859438919697,2,Benign|Infilteration,2
4093802393618696980,2,Benign|Infilteration,2
4094204044000472381,2,Benign|Infilteration,2
4100508652529896624,2,Benign|Infilteration,2
4101014392055940397,2,Benign|Infilteration,2
4102056849517248425,2,Benign|Infilteration,2
4103901117438622512,2,Benign|Infilteration,2
4104332012165751556,2,Benign|Infilteration,2
4104544768840874369,2,Benign|Infilteration,2
4110269347158608330,2,Benign|Infilteration,2
4113573530595573962,2,Benign|Infilteration,2
4115892294961158501,2,Benign|Infilteration,2
4120599952885607154,2,Benign|Infilteration,2
4121885637350135916,2,Benign|Infilteration,2
4123482390208636463,2,Benign|Infilteration,2
4130527606957448248,2,Benign|Infilteration,2
4132422419273405959,2,Benign|Infilteration,2
4137620890394887077,2,Benign|Infilteration,2
4147789220772312917,2,Benign|Infilteration,2
4149552044762328368,2,Benign|Infilteration,2
4157220955310268628,2,Benign|Infilteration,2
4162633374248409576,2,Benign|Infilteration,2
4164621773877277528,2,Benign|Infilteration,2
4165697359179743561,2,Benign|Infilteration,2
4166164900261942847,2,Benign|Infilteration,2
4166645150757318802,2,Benign|Infilteration,2
4167314007174908709,2,Benign|Infilteration,2
4173737704655523966,2,Benign|Infilteration,2
4175548683884233733,2,Benign|Infilteration,2
4176802902843452212,2,Benign|Infilteration,2
4181009460546925595,2,Benign|Infilteration,2
4187077088464780264,2,Benign|Infilteration,2
4189241471107918786,2,Benign|Infilteration,2
4191156638724673862,2,Benign|Infilteration,2
4194710028293212079,2,Benign|Infilteration,2
4197141577226955632,2,Benign|Infilteration,2
4199515381226542456,2,Benign|Infilteration,2
4213141723200250229,2,Benign|Infilteration,2
4214300775837094087,2,Benign|Infilteration,2
4214926308148164580,2,Benign|Infilteration,2
4218814259004777853,2,Benign|Infilteration,2
4220236561366022681,2,Benign|Infilteration,2
4225074288932357586,2,Benign|Infilteration,2
4231931765295704267,2,Benign|Infilteration,2
4233931076783335474,2,Benign|Infilteration,2
4246696369863484277,2,Benign|Infilteration,2
4248422913009418174,2,Benign|Infilteration,2
4251842273099821110,2,Benign|Infilteration,2
4253065197993902675,2,Benign|Infilteration,2
4258798592551993356,2,Benign|Infilteration,2
4266422056120591353,2,Benign|Infilteration,2
4276965389082022143,2,Benign|Infilteration,2
4281009402252995020,2,Benign|Infilteration,2
4290217034633461869,2,Benign|Infilteration,2
4297493072086395522,2,Benign|Infilteration,2
4297751078652260890,2,Benign|Infilteration,2
4302811671973921820,2,Benign|Infilteration,2
4305352855609088719,2,Benign|Infilteration,2
4307179147097781878,2,Benign|Infilteration,2
4310843096885262545,2,Benign|Infilteration,2
4310969186919672066,2,Benign|Infilteration,2
4314306433425787392,2,Benign|Infilteration,2
4316799016497216771,2,Benign|Infilteration,2
4318180534112123540,2,Benign|Infilteration,2
4323384620574046006,2,Benign|Infilteration,2
4326290114034402092,2,Benign|Infilteration,2
4328170813949553557,2,Benign|Infilteration,2
4336018485631533278,2,Benign|Infilteration,2
4338220235006409974,2,Benign|Infilteration,2
4339396837113329271,2,Benign|Infilteration,2
4340512931266941485,2,Benign|Infilteration,2
4340572837908866302,2,Benign|Infilteration,2
4346818779203935594,2,Benign|Infilteration,2
4347392136143013357,2,Benign|Infilteration,2
4352671882650836806,2,Benign|Infilteration,2
4358238440601100842,2,Benign|Infilteration,2
4364519541360456552,2,Benign|Infilteration,2
4366402014213865770,2,Benign|Infilteration,2
4367267115801968925,2,Benign|Infilteration,2
4368206169805074206,2,Benign|Infilteration,2
4374470994539698163,2,Benign|Infilteration,2
4376256224623576123,2,Benign|Infilteration,2
4376749571899025019,2,Benign|Infilteration,2
4379042029858361255,2,Benign|Infilteration,2
4391024007855370907,2,Benign|Infilteration,2
4391952821482702916,2,Benign|Infilteration,2
4392585615604428236,2,Benign|Infilteration,2
4395547925064717914,2,Benign|Infilteration,2
4396237917283038791,2,Benign|Infilteration,2
4398660480865254422,2,Benign|Infilteration,2
4399407767857585881,2,Benign|Infilteration,2
4402741912305343748,2,Benign|Infilteration,2
4407648362701268221,2,Benign|Infilteration,2
4407772066511567761,2,Benign|Infilteration,2
4408666631485628520,2,Benign|Infilteration,2
4413370676465055815,2,Benign|Infilteration,2
4420017217724858720,2,Benign|Infilteration,2
4420682607889393810,2,Benign|Infilteration,2
4424629660500568778,2,Benign|Infilteration,2
4426136414639439743,2,Benign|Infilteration,2
4428999616089304775,2,Benign|Infilteration,2
4429697915142126265,2,Benign|Infilteration,2
4431206893607244090,2,Benign|Infilteration,2
4432390786539119984,2,Benign|Infilteration,2
4436760781836707249,2,Benign|Infilteration,2
4439669962556273637,2,Benign|Infilteration,2
4442288440750951582,2,Benign|Infilteration,2
4447258171800514907,2,Benign|Infilteration,2
4449293355155745326,2,Benign|Infilteration,2
4450201421233507481,2,Benign|Infilteration,2
4455623888273167319,2,Benign|Infilteration,2
4456489053168149744,2,Benign|Infilteration,2
4461044416948287049,2,Benign|Infilteration,2
4461754127203644701,2,Benign|Infilteration,2
4465309842085180139,2,Benign|Infilteration,2
4469095914128027629,2,Benign|Infilteration,2
4475931513453384602,2,Benign|Infilteration,2
4480717141812051351,2,Benign|Infilteration,2
4481883968958601352,2,Benign|Infilteration,2
4482663630488378240,2,Benign|Infilteration,2
4486680014283738829,2,Benign|Infilteration,2
4491130981228469823,2,Benign|Infilteration,2
4492015700279313582,2,Benign|Infilteration,2
4492291947719572197,2,Benign|Infilteration,2
4497743026942360000,2,Benign|Infilteration,2
4499613876328476656,2,Benign|Infilteration,2
4510674541210373850,2,Benign|Infilteration,2
4510826630688843543,2,Benign|Infilteration,2
4521055442537916291,2,Benign|Infilteration,2
4521881291970589339,2,Benign|Infilteration,2
4522335239333782516,2,Benign|Infilteration,2
4530035187302008878,2,Benign|Infilteration,2
4531061210696917484,2,Benign|Infilteration,2
4534124471507155154,2,Benign|Infilteration,2
4534381516974828764,2,Benign|Infilteration,2
4535082787946609090,2,Benign|Infilteration,2
4536853320688548035,2,Benign|Infilteration,2
4541186182724732806,2,Benign|Infilteration,2
4548745997861921343,2,Benign|Infilteration,2
4550307179662004365,2,Benign|Infilteration,2
4551242781615626891,2,Benign|Infilteration,2
4556997719495923443,2,Benign|Infilteration,2
4558077271522758671,2,Benign|Infilteration,2
4567365275274891797,2,Benign|Infilteration,2
4568888719443238301,2,Benign|Infilteration,2
4571610220747559706,2,Benign|Infilteration,2
4572542664773652509,2,Benign|Infilteration,2
4573740058885073155,2,Benign|Infilteration,2
4575821664860764825,2,Benign|Infilteration,2
4577550450421243544,2,Benign|Infilteration,2
4579014396378332865,2,Benign|Infilteration,2
4584450975526665147,2,Benign|Infilteration,2
4590682613653126648,2,Benign|Infilteration,2
4594303418536237899,2,Benign|Infilteration,2
4596718311628439717,2,Benign|Infilteration,2
4603459300627225638,2,Benign|Infilteration,2
4604013679163593730,2,Benign|Infilteration,2
4604681250539330136,2,Benign|Infilteration,2
4604803719815742868,2,Benign|Infilteration,2
4611818265651073532,2,Benign|Infilteration,2
4612230275356345154,2,Benign|Infilteration,2
4617532711906414770,2,Benign|Infilteration,2
4617561077209537956,2,Benign|Infilteration,2
4618883093563881847,2,Benign|Infilteration,2
4621052503400543841,2,Benign|Infilteration,2
4626113503646352283,2,Benign|Infilteration,2
4628775169915209579,2,Benign|Infilteration,2
4635955572411280079,2,Benign|Infilteration,2
4643932708440941683,2,Benign|Infilteration,2
4647033148907707772,2,Benign|Infilteration,2
4660796839841228151,2,Benign|Infilteration,2
4663674278087130842,2,Benign|Infilteration,2
4664586917056979252,2,Benign|Infilteration,2
4672706710403403663,2,Benign|Infilteration,2
4680086385634010275,2,Benign|Infilteration,2
4681768977113291636,2,Benign|Infilteration,2
4688044614834058214,2,Benign|Infilteration,2
4688127106178074596,2,Benign|Infilteration,2
4690787655298941639,2,Benign|Infilteration,2
4692684534826992931,2,Benign|Infilteration,2
4695563869434674698,2,Benign|Infilteration,2
4701105060779582803,2,Benign|Infilteration,2
4701504810991523512,2,Benign|Infilteration,2
4701570175525525594,2,Benign|Infilteration,2
4702165271766252750,2,Benign|Infilteration,2
4702234399018909256,2,Benign|Infilteration,2
4703668630603382582,2,Benign|Infilteration,2
4704202068912495046,2,Benign|Infilteration,2
4707832272339033074,2,Benign|Infilteration,2
4710767901268450595,2,Benign|Infilteration,2
4714296309840106661,2,Benign|Infilteration,2
4720576481260137938,2,Benign|Infilteration,2
4721943277195935535,2,Benign|Infilteration,2
4724079248646677452,2,Benign|Infilteration,2
4734033838193955339,2,Benign|Infilteration,2
4736598351375464089,2,Benign|Infilteration,2
4739582539233114686,2,Benign|Infilteration,2
4739614775986397375,2,Benign|Infilteration,2
4742456725986121641,2,Benign|Infilteration,2
4742506428328357111,2,Benign|Infilteration,2
4745066664979075742,2,Benign|Infilteration,2
4748152055233480602,2,Benign|Infilteration,2
4748688191549683377,2,Benign|Infilteration,2
4749465078145462503,2,Benign|Infilteration,2
4753895043386741990,2,Benign|Infilteration,2
4755438655596094249,2,Benign|Infilteration,2
4755631902234091673,2,Benign|Infilteration,2
4759130748070165971,2,Benign|Infilteration,2
4764162737167627694,2,Benign|Infilteration,2
4764651139079752111,2,Benign|Infilteration,2
4766413079012476206,2,Benign|Infilteration,2
4767540765402177572,2,Benign|Infilteration,2
4772455821911485272,2,Benign|Infilteration,2
4775638595001939696,2,Benign|Infilteration,2
4778822593071337480,2,Benign|Infilteration,2
4781264259197511966,2,Benign|Infilteration,2
4784548184706312690,2,Benign|Infilteration,2
4792584639439729286,2,Benign|Infilteration,2
4796894628118865414,2,Benign|Infilteration,2
4798066657181416505,2,Benign|Infilteration,2
4800961460277928870,2,Benign|Infilteration,2
4802587781701632666,2,Benign|Infilteration,2
4802815851754236953,2,Benign|Infilteration,2
4805272570233161962,2,Benign|Infilteration,2
4805434826614721415,2,Benign|Infilteration,2
4809176465448104486,2,Benign|Infilteration,2
4819072188527165470,2,Benign|Infilteration,2
4820016417788747154,2,Benign|Infilteration,2
4823000549145472886,2,Benign|Infilteration,2
4825852112826470144,2,Benign|Infilteration,2
4832135967560112916,2,Benign|Infilteration,2
4832139873560769284,2,Benign|Infilteration,2
4832534270305665893,2,Benign|Infilteration,2
4833088229024959465,2,Benign|Infilteration,2
4833402017216071453,2,Benign|Infilteration,2
4833832344886993871,2,Benign|Infilteration,2
4835341862251419979,2,Benign|Infilteration,2
4836566388211801650,2,Benign|Infilteration,2
4837443277861794113,2,Benign|Infilteration,2
4842418786617946851,2,Benign|Infilteration,2
4843685483125336120,2,Benign|Infilteration,2
4853587196405398513,2,Benign|Infilteration,2
4857178521669004270,2,Benign|Infilteration,2
4860425534366025600,2,Benign|Infilteration,2
4860966372551165975,2,Benign|Infilteration,2
4865600161684848707,2,Benign|Infilteration,2
4871398730144396093,2,Benign|Infilteration,2
4873138978365699084,2,Benign|Infilteration,2
4873752932428372477,2,Benign|Infilteration,2
4874819714547564378,2,Benign|Infilteration,2
4874967042560304232,2,Benign|Infilteration,2
4877012122777027828,2,Benign|Infilteration,2
4877289918869027085,2,Benign|Infilteration,2
4881501987645785732,2,Benign|Infilteration,2
4885981478362805138,2,Benign|Infilteration,2
4887182104375744023,2,Benign|Infilteration,2
4887323026993944130,2,Benign|Infilteration,2
4889239668243937068,2,Benign|Infilteration,2
4894990940064801979,2,Benign|Infilteration,2
4895949093747989532,2,Benign|Infilteration,2
4899505553042693717,2,Benign|Infilteration,2
4899511512439662790,2,Benign|Infilteration,2
4907876405840166540,2,Benign|Infilteration,2
4907953241731043550,2,Benign|Infilteration,2
4914531708258234896,2,Benign|Infilteration,2
4921302620102207251,2,Benign|Infilteration,2
4922869686199798815,2,Benign|Infilteration,2
4927238830468799468,2,Benign|Infilteration,2
4931383502191897878,2,Benign|Infilteration,2
4932289325303554659,2,Benign|Infilteration,2
4940290093450880026,2,Benign|Infilteration,2
4941022009004686430,2,Benign|Infilteration,2
4948212887723634043,2,Benign|Infilteration,2
4951647964333688395,2,Benign|Infilteration,2
4952012444958917762,2,Benign|Infilteration,2
4953051789791718708,2,Benign|Infilteration,2
4953367590589699993,2,Benign|Infilteration,2
4953733122652595870,2,Benign|Infilteration,2
4958708675100138010,2,Benign|Infilteration,2
4958914168066581311,2,Benign|Infilteration,2
4959224278522978445,2,Benign|Infilteration,2
4962637840138949080,2,Benign|Infilteration,2
4968680515980421674,2,Benign|Infilteration,2
4973176845869271718,2,Benign|Infilteration,2
4977832326949148212,2,Benign|Infilteration,2
4979585869269647560,2,Benign|Infilteration,2
4986559544064585871,2,Benign|Infilteration,2
4988717720108110608,2,Benign|Infilteration,2
4991735559758968693,2,Benign|Infilteration,2
4992543762086132523,2,Benign|Infilteration,2
4995433865454710076,2,Benign|Infilteration,2
4997101777244259247,2,Benign|Infilteration,2
4998820010051620855,2,Benign|Infilteration,2
5006711080776147041,2,Benign|Infilteration,2
5006747547210459125,2,Benign|Infilteration,2
5010951759317865874,2,Benign|Infilteration,2
5019275504191738789,2,Benign|Infilteration,2
5022027338853307537,2,Benign|Infilteration,2
5023090406366023707,2,Benign|Infilteration,2
5027485845465570017,2,Benign|Infilteration,2
5030244306368414983,2,Benign|Infilteration,2
5032151059564895378,2,Benign|Infilteration,2
5033268373912777223,2,Benign|Infilteration,2
5033356126219850007,2,Benign|Infilteration,2
5033971424037886675,2,Benign|Infilteration,2
5036726267043972497,2,Benign|Infilteration,2
5039559684240016971,2,Benign|Infilteration,2
5039932716717049836,2,Benign|Infilteration,2
5042428303151919205,2,Benign|Infilteration,2
5042835337678155696,2,Benign|Infilteration,2
5044440129243460611,2,Benign|Infilteration,2
5049895759807530967,2,Benign|Infilteration,2
5051351632003176733,2,Benign|Infilteration,2
5054495688566519459,2,Benign|Infilteration,2
5055971984415341525,2,Benign|Infilteration,2
5057050394424459909,2,Benign|Infilteration,2
5058613525390615593,2,Benign|Infilteration,2
5058809257390367493,2,Benign|Infilteration,2
5059242146372353078,2,Benign|Infilteration,2
5067472338067969499,2,Benign|Infilteration,2
5071291853499254322,2,Benign|Infilteration,2
5072755292335986328,2,Benign|Infilteration,2
5075648761896907736,2,Benign|Infilteration,2
5075923716957985121,2,Benign|Infilteration,2
5084916431656777546,2,Benign|Infilteration,2
5093860879636821083,2,Benign|Infilteration,2
5097178056837896009,2,Benign|Infilteration,2
5100843115728464437,2,Benign|Infilteration,2
5102821302318837883,2,Benign|Infilteration,2
5103938072241385983,2,Benign|Infilteration,2
5105944446722096374,2,Benign|Infilteration,2
5109402874227079001,2,Benign|Infilteration,2
5110621337054165593,2,Benign|Infilteration,2
5111238792922696984,2,Benign|Infilteration,2
5112423305016552478,2,Benign|Infilteration,2
5116762488305333025,2,Benign|Infilteration,2
5117484552075148235,2,Benign|Infilteration,2
5119960831057107497,2,Benign|Infilteration,2
5123296086643024071,2,Benign|Infilteration,2
5130146809024849979,2,Benign|Infilteration,2
5131992187325754294,2,Benign|Infilteration,2
5132550493379771222,2,Benign|Infilteration,2
5133811488351301392,2,Benign|Infilteration,2
5136176747140408289,2,Benign|Infilteration,2
5136857266940436375,2,Benign|Infilteration,2
5138417466395969719,2,Benign|Infilteration,2
5139326317345129245,2,Benign|Infilteration,2
5142606886923038971,2,Benign|Infilteration,2
5148818529797216531,2,Benign|Infilteration,2
5153504371647748003,2,Benign|Infilteration,2
5153962046554931556,2,Benign|Infilteration,2
5155456848485484806,2,Benign|Infilteration,2
5156258333387204874,2,Benign|Infilteration,2
5160090138274580280,2,Benign|Infilteration,2
5163082428908996677,2,Benign|Infilteration,2
5166968780923365175,2,Benign|Infilteration,2
5176133872173753928,2,Benign|Infilteration,2
5178170230055528912,2,Benign|Infilteration,2
5178178670367190731,2,Benign|Infilteration,2
5179388409617661857,2,Benign|Infilteration,2
5180654969982361457,2,Benign|Infilteration,2
5184613395337446005,2,Benign|Infilteration,2
5186721791985733348,2,Benign|Infilteration,2
5189678937104386750,2,Benign|Infilteration,2
5190553381975219794,2,Benign|Infilteration,2
5194597832934492507,2,Benign|Infilteration,2
5198758155054308353,2,Benign|Infilteration,2
5202337584734690191,2,Benign|Infilteration,2
5202568375857349520,2,Benign|Infilteration,2
5208482318615139660,2,Benign|Infilteration,2
5212647673378246493,2,Benign|Infilteration,2
5214223201962807354,2,Benign|Infilteration,2
5214806682680595114,2,Benign|Infilteration,2
5216031362553652233,2,Benign|Infilteration,2
5217952463785722259,2,Benign|Infilteration,2
5218290639423954442,2,Benign|Infilteration,2
5219543324895729080,2,Benign|Infilteration,2
5220774478687600512,2,Benign|Infilteration,2
5224420603369824136,2,Benign|Infilteration,2
5224999364009850831,2,Benign|Infilteration,2
5227885472220198652,2,Benign|Infilteration,2
5228094105733938233,2,Benign|Infilteration,2
5229104384646271325,2,Benign|Infilteration,2
5230559991575288602,2,Benign|Infilteration,2
5231535383320728256,2,Benign|Infilteration,2
5232680243378130729,2,Benign|Infilteration,2
5234542117133452120,2,Benign|Infilteration,2
5236031688284833139,2,Benign|Infilteration,2
5236284197850152115,2,Benign|Infilteration,2
5237293431954339385,2,Benign|Infilteration,2
5237662611615988524,2,Benign|Infilteration,2
5237942319036786028,2,Benign|Infilteration,2
5242678044667075292,2,Benign|Infilteration,2
5243955302491403635,2,Benign|Infilteration,2
5244705679873386404,2,Benign|Infilteration,2
5247501460279865999,2,Benign|Infilteration,2
5247767983637519810,2,Benign|Infilteration,2
5248162338533783734,2,Benign|Infilteration,2
5251549786487117562,2,Benign|Infilteration,2
5262309254382166305,2,Benign|Infilteration,2
5266572711337639581,2,Benign|Infilteration,2
5269380129516049981,2,Benign|Infilteration,2
5270449006890855910,2,Benign|Infilteration,2
5271422632463934451,2,Benign|Infilteration,2
5275684720970956700,2,Benign|Infilteration,2
5282532767611153961,2,Benign|Infilteration,2
5284302389463274248,2,Benign|Infilteration,2
5284876716949711737,2,Benign|Infilteration,2
5284989691770464033,2,Benign|Infilteration,2
5290692713895064894,2,Benign|Infilteration,2
5291824132372148886,2,Benign|Infilteration,2
5296509191828433741,2,Benign|Infilteration,2
5297150475087235760,2,Benign|Infilteration,2
5301542491683209790,2,Benign|Infilteration,2
5303598691485148269,2,Benign|Infilteration,2
5311861638970347818,2,Benign|Infilteration,2
5315715961364162047,2,Benign|Infilteration,2
5316816248568098197,2,Benign|Infilteration,2
5317684168760755621,2,Benign|Infilteration,2
5320408765650799427,2,Benign|Infilteration,2
5321214358396726333,2,Benign|Infilteration,2
5322212760543523257,2,Benign|Infilteration,2
5330496659228298048,2,Benign|Infilteration,2
5331669859468325068,2,Benign|Infilteration,2
5331817762089147395,2,Benign|Infilteration,2
5333240801728654223,2,Benign|Infilteration,2
5335998225945950915,2,Benign|Infilteration,2
5342499512178359235,2,Benign|Infilteration,2
5348215679190898740,2,Benign|Infilteration,2
5349919122097584884,2,Benign|Infilteration,2
5352658720089780293,2,Benign|Infilteration,2
5353107021155204631,2,Benign|Infilteration,2
5354599927073443651,2,Benign|Infilteration,2
5359237444696044820,2,Benign|Infilteration,2
5361437216357456236,2,Benign|Infilteration,2
5366236358378433306,2,Benign|Infilteration,2
5370137409716537021,2,Benign|Infilteration,2
5370755907884177939,2,Benign|Infilteration,2
5371764446458627846,2,Benign|Infilteration,2
5371777979901290447,2,Benign|Infilteration,2
5375347069022978553,2,Benign|Infilteration,2
5376695394779892596,2,Benign|Infilteration,2
5377922290588209803,2,Benign|Infilteration,2
5378760954308176573,2,Benign|Infilteration,2
5387385529453917555,2,Benign|Infilteration,2
5390234736334873285,2,Benign|Infilteration,2
5393975237195166246,2,Benign|Infilteration,2
5399072644426660137,2,Benign|Infilteration,2
5403403879570965672,2,Benign|Infilteration,2
5406326573262207547,2,Benign|Infilteration,2
5407638835869801923,2,Benign|Infilteration,2
5408305989500455283,2,Benign|Infilteration,2
5408920824543371454,2,Benign|Infilteration,2
5411532687831586874,2,Benign|Infilteration,2
5412007723930618953,2,Benign|Infilteration,2
5414218456038793300,2,Benign|Infilteration,2
5420545979426359612,2,Benign|Infilteration,2
5421466431501164754,2,Benign|Infilteration,2
5425556482293683909,2,Benign|Infilteration,2
5425946836634748244,2,Benign|Infilteration,2
5428638585767835538,2,Benign|Infilteration,2
5428738888860858552,2,Benign|Infilteration,2
5430781481835229335,2,Benign|Infilteration,2
5431194442644976847,2,Benign|Infilteration,2
5431586277028739108,2,Benign|Infilteration,2
5434838778702306299,2,Benign|Infilteration,2
5440060878864633150,2,Benign|Infilteration,2
5441477244296177796,2,Benign|Infilteration,2
5442231278564617129,2,Benign|Infilteration,2
5444976812034885111,2,Benign|Infilteration,2
5445056589364161080,2,Benign|Infilteration,2
5449156007650460325,2,Benign|Infilteration,2
5457936742688414316,2,Benign|Infilteration,2
5461870456113676409,2,Benign|Infilteration,2
5463429581649427570,2,Benign|Infilteration,2
5464160465067789147,2,Benign|Infilteration,2
5465299148148242359,2,Benign|Infilteration,2
5466400267353476477,2,Benign|Infilteration,2
5474931704189930283,2,Benign|Infilteration,2
5479096588234736009,2,Benign|Infilteration,2
5482894799196119540,2,Benign|Infilteration,2
5487071903714084406,2,Benign|Infilteration,2
5487620939548164287,2,Benign|Infilteration,2
5488003302433054025,2,Benign|Infilteration,2
5494564170087923858,2,Benign|Infilteration,2
5496063753086772375,2,Benign|Infilteration,2
5496592907120664808,2,Benign|Infilteration,2
5505727608444063931,2,Benign|Infilteration,2
5513658063372492530,2,Benign|Infilteration,2
5513902939502564023,2,Benign|Infilteration,2
5514396313184866035,2,Benign|Infilteration,2
5514423661377149714,2,Benign|Infilteration,2
5515850381163173785,2,Benign|Infilteration,2
5518217862510086358,2,Benign|Infilteration,2
5523972414961606988,2,Benign|Infilteration,2
5526796006974903688,2,Benign|Infilteration,2
5532591048500838807,2,Benign|Infilteration,2
5533133351357255616,2,Benign|Infilteration,2
5533682219565462545,2,Benign|Infilteration,2
5533726519938646646,2,Benign|Infilteration,2
5537041140321816228,2,Benign|Infilteration,2
5538552575362432490,2,Benign|Infilteration,2
5540402299328011050,2,Benign|Infilteration,2
5541027473134023749,2,Benign|Infilteration,2
5544420491657808361,2,Benign|Infilteration,2
5544829469766864679,2,Benign|Infilteration,2
5548813178110446964,2,Benign|Infilteration,2
5548892278487400276,2,Benign|Infilteration,2
5552317941908430403,2,Benign|Infilteration,2
5552621810617445206,2,Benign|Infilteration,2
5557009320612510729,2,Benign|Infilteration,2
5557190048184101992,2,Benign|Infilteration,2
5560073750984053876,2,Benign|Infilteration,2
5571325384842572906,2,Benign|Infilteration,2
5579427064844875952,2,Benign|Infilteration,2
5584892229334601127,2,Benign|Infilteration,2
5596995460612882019,2,Benign|Infilteration,2
5598032142645123002,2,Benign|Infilteration,2
5601610847964457246,2,Benign|Infilteration,2
5605516759353958781,2,Benign|Infilteration,2
5612675995283102413,2,Benign|Infilteration,2
5615195211639245222,2,Benign|Infilteration,2
5618922000972909237,2,Benign|Infilteration,2
5619262436866162315,2,Benign|Infilteration,2
5624291490194998754,2,Benign|Infilteration,2
5629340605026295163,2,Benign|Infilteration,2
5632261760383237257,2,Benign|Infilteration,2
5637161973464098695,2,Benign|Infilteration,2
5637790467549546990,2,Benign|Infilteration,2
5638212400539983243,2,Benign|Infilteration,2
5640394462046912968,2,Benign|Infilteration,2
5642989191541251888,2,Benign|Infilteration,2
5646151212912530019,2,Benign|Infilteration,2
5653399467220820681,2,Benign|Infilteration,2
5660690987958710103,2,Benign|Infilteration,2
5663366802019102807,2,Benign|Infilteration,2
5665103467126200106,2,Benign|Infilteration,2
5666006411936941380,2,Benign|Infilteration,2
5666776735891431003,2,Benign|Infilteration,2
5667161227922512728,2,Benign|Infilteration,2
5671689162757471133,2,Benign|Infilteration,2
5680043408908533236,2,Benign|Infilteration,2
5692720860143763527,2,Benign|Infilteration,2
5695543473548193625,2,Benign|Infilteration,2
5695642277549223664,2,Benign|Infilteration,2
5699642621424458510,2,Benign|Infilteration,2
5701039971554457593,2,Benign|Infilteration,2
5701073597132765393,2,Benign|Infilteration,2
5704146654029648991,2,Benign|Infilteration,2
5707967539486085547,2,Benign|Infilteration,2
5709205223862909207,2,Benign|Infilteration,2
5709549624710894064,2,Benign|Infilteration,2
5710334630835997461,2,Benign|Infilteration,2
5714728415599934334,2,Benign|Infilteration,2
5715736714896839352,2,Benign|Infilteration,2
5727227062996678091,2,Benign|Infilteration,2
5731741939262868754,2,Benign|Infilteration,2
5733544186631927131,2,Benign|Infilteration,2
5738333737312136517,2,Benign|Infilteration,2
5740782811776001983,2,Benign|Infilteration,2
5742154675224825422,2,Benign|Infilteration,2
5746543248039339143,2,Benign|Infilteration,2
5746835494120978598,2,Benign|Infilteration,2
5749603235484812480,2,Benign|Infilteration,2
5750895896374583127,2,Benign|Infilteration,2
5751075650891273313,2,Benign|Infilteration,2
5751766726966565880,2,Benign|Infilteration,2
5763274941176010840,2,Benign|Infilteration,2
5773013124115626183,2,Benign|Infilteration,2
5774075143705205795,2,Benign|Infilteration,2
5774435931947831039,2,Benign|Infilteration,2
5774451668331561457,2,Benign|Infilteration,2
5774949970705510227,2,Benign|Infilteration,2
5776543854065888915,2,Benign|Infilteration,2
5777303205975506515,2,Benign|Infilteration,2
5778957346833703339,2,Benign|Infilteration,2
5781991086786961356,2,Benign|Infilteration,2
5789410619829997786,2,Benign|Infilteration,2
5789758079115016884,2,Benign|Infilteration,2
5793101884905008535,2,Benign|Infilteration,2
5794227965809212669,2,Benign|Infilteration,2
5798080979817450756,2,Benign|Infilteration,2
5799643578002720312,2,Benign|Infilteration,2
5801235554101564655,2,Benign|Infilteration,2
5802794811566042167,2,Benign|Infilteration,2
5807599954074675912,2,Benign|Infilteration,2
5808009850153975423,2,Benign|Infilteration,2
5811018832823572708,2,Benign|Infilteration,2
5815258553636985410,2,Benign|Infilteration,2
5816528441613401817,2,Benign|Infilteration,2
5822867656281181656,2,Benign|Infilteration,2
5828675962519659423,2,Benign|Infilteration,2
5837616167541699476,2,Benign|Infilteration,2
5842217394355396155,2,Benign|Infilteration,2
5843421431160097556,2,Benign|Infilteration,2
5849308843438470583,2,Benign|Infilteration,2
5850860085524745595,2,Benign|Infilteration,2
5853909924782571662,2,Benign|Infilteration,2
5858734263354338309,2,Benign|Infilteration,2
5871010632009505730,2,Benign|Infilteration,2
5874122659490755930,2,Benign|Infilteration,2
5875048217316463607,2,Benign|Infilteration,2
5877330145296427196,2,Benign|Infilteration,2
5881312205768023649,2,Benign|Infilteration,2
5882808341946317488,2,Benign|Infilteration,2
5885721404220972576,2,Benign|Infilteration,2
5885861683150164944,2,Benign|Infilteration,2
5888641795119974274,2,Benign|Infilteration,2
5889263268915531509,2,Benign|Infilteration,2
5892563748378109661,2,Benign|Infilteration,2
5894830193456794606,2,Benign|Infilteration,2
5901178410540095874,2,Benign|Infilteration,2
5902761321290659575,2,Benign|Infilteration,2
5909707695016579707,2,Benign|Infilteration,2
5914243693483646407,2,Benign|Infilteration,2
5914512897865247764,2,Benign|Infilteration,2
5916363412970374857,2,Benign|Infilteration,2
5918953029325515938,2,Benign|Infilteration,2
5926420480744810580,2,Benign|Infilteration,2
5929854831582801059,2,Benign|Infilteration,2
5935133904565762710,2,Benign|Infilteration,2
5938665550930682293,2,Benign|Infilteration,2
5940553044160583017,2,Benign|Infilteration,2
5941330667398059886,2,Benign|Infilteration,2
5942707585452191048,2,Benign|Infilteration,2
5944302146508785806,2,Benign|Infilteration,2
5944605776694459003,2,Benign|Infilteration,2
5946134881836960654,2,Benign|Infilteration,2
5947554247154894096,2,Benign|Infilteration,2
5947670102233635182,2,Benign|Infilteration,2
5950315688628421362,2,Benign|Infilteration,2
5954428703112640753,2,Benign|Infilteration,2
5958175622412294273,2,Benign|Infilteration,2
5959208478828040537,2,Benign|Infilteration,2
5962186820989936317,2,Benign|Infilteration,2
5970277857320557796,2,Benign|Infilteration,2
5972459891236002369,2,Benign|Infilteration,2
5976739899684987583,2,Benign|Infilteration,2
5977826692126259641,2,Benign|Infilteration,2
5979004425398946151,2,Benign|Infilteration,2
5982030826502737441,2,Benign|Infilteration,2
5983977275571351895,2,Benign|Infilteration,2
5991415594379115680,2,Benign|Infilteration,2
5997186639075108237,2,Benign|Infilteration,2
5998906519159040324,2,Benign|Infilteration,2
6006886649895285657,2,Benign|Infilteration,2
6009490310833208727,2,Benign|Infilteration,2
6012182662563517596,2,Benign|Infilteration,2
6012381353723087553,2,Benign|Infilteration,2
6016815065660655869,2,Benign|Infilteration,2
6017025823964414849,2,Benign|Infilteration,2
6017060925941663359,2,Benign|Infilteration,2
6019083290380640745,2,Benign|Infilteration,2
6020260343432029651,2,Benign|Infilteration,2
6020423214330039535,2,Benign|Infilteration,2
6023545742800835888,2,Benign|Infilteration,2
6027009576449273155,2,Benign|Infilteration,2
6031399250911661427,2,Benign|Infilteration,2
6044750093039468728,2,Benign|Infilteration,2
6046683100300901295,2,Benign|Infilteration,2
6049341884743467890,2,Benign|Infilteration,2
6050869641683450837,2,Benign|Infilteration,2
6054678550525933221,2,Benign|Infilteration,2
6061029749925754908,2,Benign|Infilteration,2
6062037182477254411,2,Benign|Infilteration,2
6072246257542391798,2,Benign|Infilteration,2
6084953377183065429,2,Benign|Infilteration,2
6085462429088952805,2,Benign|Infilteration,2
6086577277550694052,2,Benign|Infilteration,2
6088880823280377000,2,Benign|Infilteration,2
6093608559705422269,2,Benign|Infilteration,2
6097483555088752639,2,Benign|Infilteration,2
6097506208964241165,2,Benign|Infilteration,2
6097774821416588128,2,Benign|Infilteration,2
6103682436744569038,2,Benign|Infilteration,2
6105322547619863559,2,Benign|Infilteration,2
6110575369193767129,2,Benign|Infilteration,2
6112801334365860648,2,Benign|Infilteration,2
6113248312198760566,2,Benign|Infilteration,2
6115353371632633382,2,Benign|Infilteration,2
6120324572234030977,2,Benign|Infilteration,2
6124281281579631244,2,Benign|Infilteration,2
6124342861131797589,2,Benign|Infilteration,2
6124659330612220956,2,Benign|Infilteration,2
6127518602333958983,2,Benign|Infilteration,2
6132889465241252754,2,Benign|Infilteration,2
6139320165787183653,2,Benign|Infilteration,2
6143708486959567381,2,Benign|Infilteration,2
6153639289534134825,2,Benign|Infilteration,2
6156929870730825211,2,Benign|Infilteration,2
6157880506140878659,2,Benign|Infilteration,2
6159306337079537417,2,Benign|Infilteration,2
6163833027943411350,2,Benign|Infilteration,2
6164252196292918459,2,Benign|Infilteration,2
6167817313087445638,2,Benign|Infilteration,2
6168133525354326270,2,Benign|Infilteration,2
6169263048613406140,2,Benign|Infilteration,2
6169992251499910747,2,Benign|Infilteration,2
6175065206965275905,2,Benign|Infilteration,2
6175295420346681385,2,Benign|Infilteration,2
6175636203240884215,2,Benign|Infilteration,2
6184327839797580274,2,Benign|Infilteration,2
6184551580384715009,2,Benign|Infilteration,2
6188038882790341811,2,Benign|Infilteration,2
6192759295162051613,2,Benign|Infilteration,2
6193791497278045483,2,Benign|Infilteration,2
6194649802205435130,2,Benign|Infilteration,2
6200673127589813525,2,Benign|Infilteration,2
6202331042726654918,2,Benign|Infilteration,2
6202791286372785713,2,Benign|Infilteration,2
6202953265295592450,2,Benign|Infilteration,2
6210501613369210074,2,Benign|Infilteration,2
6215147804047073969,2,Benign|Infilteration,2
6216959696342989794,2,Benign|Infilteration,2
6219120487354219472,2,Benign|Infilteration,2
6219704617289962676,2,Benign|Infilteration,2
6222083455767994990,2,Benign|Infilteration,2
6223090799013779645,2,Benign|Infilteration,2
6226863275888713313,2,Benign|Infilteration,2
6227852824104371839,2,Benign|Infilteration,2
6229285091364561343,2,Benign|Infilteration,2
6231335382965020906,2,Benign|Infilteration,2
6232401463097917038,2,Benign|Infilteration,2
6233494010928275970,2,Benign|Infilteration,2
6239470858454627619,2,Benign|Infilteration,2
6241441018302527889,2,Benign|Infilteration,2
6242902680368430283,2,Benign|Infilteration,2
6252173190260349431,2,Benign|Infilteration,2
6253464203820994777,2,Benign|Infilteration,2
6253572552923871041,2,Benign|Infilteration,2
6258089875021873299,2,Benign|Infilteration,2
6258606650235104581,2,Benign|Infilteration,2
6263033684466182043,2,Benign|Infilteration,2
6264887231344399073,2,Benign|Infilteration,2
6265463207078504357,2,Benign|Infilteration,2
6270079223784500873,2,Benign|Infilteration,2
6273150544456490111,2,Benign|Infilteration,2
6287572741101112843,2,Benign|Infilteration,2
6288349194563640530,2,Benign|Infilteration,2
6294172729061655059,2,Benign|Infilteration,2
6294180088417037547,2,Benign|Infilteration,2
6295656959553818158,2,Benign|Infilteration,2
6301878296543760107,2,Benign|Infilteration,2
6306917938548719980,2,Benign|Infilteration,2
6310190651855048016,2,Benign|Infilteration,2
6314972723074372755,2,Benign|Infilteration,2
6316818514574871299,2,Benign|Infilteration,2
6319982293519198295,2,Benign|Infilteration,2
6324834167976823655,2,Benign|Infilteration,2
6328591998598309151,2,Benign|Infilteration,2
6329109824492154059,2,Benign|Infilteration,2
6331691791604071264,2,Benign|Infilteration,2
6342196228763299044,2,Benign|Infilteration,2
6342972093370127293,2,Benign|Infilteration,2
6347914542316988455,2,Benign|Infilteration,2
6350050964250199613,2,Benign|Infilteration,2
6356141990312649450,2,Benign|Infilteration,2
6358163581389093369,2,Benign|Infilteration,2
6360543243506705534,2,Benign|Infilteration,2
6361709967163877799,2,Benign|Infilteration,2
6362637471588890181,2,Benign|Infilteration,2
6364103553464074636,2,Benign|Infilteration,2
6364202282973576505,2,Benign|Infilteration,2
6364708326136313456,2,Benign|Infilteration,2
6371327955867383542,2,Benign|Infilteration,2
6376942833551047332,2,Benign|Infilteration,2
6378394774749035771,2,Benign|Infilteration,2
6378997108805477051,2,Benign|Infilteration,2
6380206193734113491,2,Benign|Infilteration,2
6382900936389531920,2,Benign|Infilteration,2
6385172084411161336,2,Benign|Infilteration,2
6385370190765845973,2,Benign|Infilteration,2
6387147863972849959,2,Benign|Infilteration,2
6390294883972412616,2,Benign|Infilteration,2
6395338420678888034,2,Benign|Infilteration,2
6397175163567469562,2,Benign|Infilteration,2
6398751994033569644,2,Benign|Infilteration,2
6400272781757449801,2,Benign|Infilteration,2
6403070821311473497,2,Benign|Infilteration,2
6411959590761492523,2,Benign|Infilteration,2
6413403930758440678,2,Benign|Infilteration,2
6416519572745401828,2,Benign|Infilteration,2
6419175495291875510,2,Benign|Infilteration,2
6425227238593462755,2,Benign|Infilteration,2
6426080698481394583,2,Benign|Infilteration,2
6428719239402685047,2,Benign|Infilteration,2
6429075326663728647,2,Benign|Infilteration,2
6430231151494707626,2,Benign|Infilteration,2
6431477262204407195,2,Benign|Infilteration,2
6432830803257156850,2,Benign|Infilteration,2
6433705858449910471,2,Benign|Infilteration,2
6435443772040988922,2,Benign|Infilteration,2
6438108506889133229,2,Benign|Infilteration,2
6440401212591559450,2,Benign|Infilteration,2
6444479608983435428,2,Benign|Infilteration,2
6447226337446397984,2,Benign|Infilteration,2
6448182261170545714,2,Benign|Infilteration,2
6448411769366656688,2,Benign|Infilteration,2
6451438163857260273,2,Benign|Infilteration,2
6451772504172244725,2,Benign|Infilteration,2
6453130229293305645,2,Benign|Infilteration,2
6456525732638548094,2,Benign|Infilteration,2
6459672777205196210,2,Benign|Infilteration,2
6464396384749938877,2,Benign|Infilteration,2
6464432564683398139,2,Benign|Infilteration,2
6468738979200796405,2,Benign|Infilteration,2
6472320905567861121,2,Benign|Infilteration,2
6475552307552785047,2,Benign|Infilteration,2
6476849862098239060,2,Benign|Infilteration,2
6482675337498486054,2,Benign|Infilteration,2
6484594342049812365,2,Benign|Infilteration,2
6488484499135370210,2,Benign|Infilteration,2
6489834549888521340,2,Benign|Infilteration,2
6496644374512757136,2,Benign|Infilteration,2
6499467601801287515,2,Benign|Infilteration,2
6499971787330754631,2,Benign|Infilteration,2
6501861429708969329,2,Benign|Infilteration,2
6511320238642339978,2,Benign|Infilteration,2
6512693931192234183,2,Benign|Infilteration,2
6514907434891089325,2,Benign|Infilteration,2
6514964789722887286,2,Benign|Infilteration,2
6515763576560341019,2,Benign|Infilteration,2
6518302039902123769,2,Benign|Infilteration,2
6519075692313272755,2,Benign|Infilteration,2
6523423260263541693,2,Benign|Infilteration,2
6529721226365622107,2,Benign|Infilteration,2
6531322596109618117,2,Benign|Infilteration,2
6544681755154283770,2,Benign|Infilteration,2
6554763598264894054,2,Benign|Infilteration,2
6555048785985794290,2,Benign|Infilteration,2
6557488068120264487,2,Benign|Infilteration,2
6562916554240424145,2,Benign|Infilteration,2
6563364681212663887,2,Benign|Infilteration,2
6564976565083476386,2,Benign|Infilteration,2
6568499839422805464,2,Benign|Infilteration,2
6570136276861398912,2,Benign|Infilteration,2
6574049109787706871,2,Benign|Infilteration,2
6579358662405990432,2,Benign|Infilteration,2
6581553241705485890,2,Benign|Infilteration,2
6581912514690687796,2,Benign|Infilteration,2
6589040895293978931,2,Benign|Infilteration,2
6595574764085327090,2,Benign|Infilteration,2
6596349299488116731,2,Benign|Infilteration,2
6596572113613669795,2,Benign|Infilteration,2
6598068041867027569,2,Benign|Infilteration,2
6600443691240216790,2,Benign|Infilteration,2
6603979333799475637,2,Benign|Infilteration,2
6606349670029540985,2,Benign|Infilteration,2
6606462790138003390,2,Benign|Infilteration,2
6610633832861630889,2,Benign|Infilteration,2
6612158514027425981,2,Benign|Infilteration,2
6612182567972611032,2,Benign|Infilteration,2
6615642803735032379,2,Benign|Infilteration,2
6616488739375740859,2,Benign|Infilteration,2
6618193068412231577,2,Benign|Infilteration,2
6625308757131997508,2,Benign|Infilteration,2
6630659804043771841,2,Benign|Infilteration,2
6634063205263091808,2,Benign|Infilteration,2
6634603867416757554,2,Benign|Infilteration,2
6635829808149341292,2,Benign|Infilteration,2
6635901726191178569,2,Benign|Infilteration,2
6638856043924899544,2,Benign|Infilteration,2
6639653610107290398,2,Benign|Infilteration,2
6640255834252919026,2,Benign|Infilteration,2
6640309049466466905,2,Benign|Infilteration,2
6642258831659110457,2,Benign|Infilteration,2
6645247020502318591,2,Benign|Infilteration,2
6646955595545701293,2,Benign|Infilteration,2
6647761385747658291,2,Benign|Infilteration,2
6650053574853883396,2,Benign|Infilteration,2
6651436833373185905,2,Benign|Infilteration,2
6654126609723984880,2,Benign|Infilteration,2
6659518574887644124,2,Benign|Infilteration,2
6660382405462527135,2,Benign|Infilteration,2
6665752779292332937,2,Benign|Infilteration,2
6669040132835749417,2,Benign|Infilteration,2
6678103606507889444,2,Benign|Infilteration,2
6679716175183578536,2,Benign|Infilteration,2
6682274838965183070,2,Benign|Infilteration,2
6683828347728715425,2,Benign|Infilteration,2
6685671900038473256,2,Benign|Infilteration,2
6693658844177269169,2,Benign|Infilteration,2
6694713340802903585,2,Benign|Infilteration,2
6695493877576719190,2,Benign|Infilteration,2
6696305181027267331,2,Benign|Infilteration,2
6697766067695167858,2,Benign|Infilteration,2
6703799218542096754,2,Benign|Infilteration,2
6705241766625553435,2,Benign|Infilteration,2
6709268120785396516,2,Benign|Infilteration,2
6715510295279208923,2,Benign|Infilteration,2
6721884749567913278,2,Benign|Infilteration,2
6724212402910581630,2,Benign|Infilteration,2
6724669023211537164,2,Benign|Infilteration,2
6725799951310343027,2,Benign|Infilteration,2
6727337803620768694,2,Benign|Infilteration,2
6727829788864502341,2,Benign|Infilteration,2
6731234383837986927,2,Benign|Infilteration,2
6731376503402491913,2,Benign|Infilteration,2
6733632371101079483,2,Benign|Infilteration,2
6743048169679431093,2,Benign|Infilteration,2
6744563354388689403,2,Benign|Infilteration,2
6747707070983374507,2,Benign|Infilteration,2
6749696953402194544,2,Benign|Infilteration,2
6750389253702876932,2,Benign|Infilteration,2
6759600777268267356,2,Benign|Infilteration,2
6761906415558826977,2,Benign|Infilteration,2
6770461476344626257,2,Benign|Infilteration,2
6771753893125415155,2,Benign|Infilteration,2
6771910768983391799,2,Benign|Infilteration,2
6774893120475558106,2,Benign|Infilteration,2
6779584638969920704,2,Benign|Infilteration,2
6783578441362730474,2,Benign|Infilteration,2
6784862217528222052,2,Benign|Infilteration,2
6785921066682374938,2,Benign|Infilteration,2
6789855002926997451,2,Benign|Infilteration,2
6791231373539835290,2,Benign|Infilteration,2
6793654701128725569,2,Benign|Infilteration,2
6795969502261994207,2,Benign|Infilteration,2
6796385734369035342,2,Benign|Infilteration,2
6801628224699633771,2,Benign|Infilteration,2
6802556381267509367,2,Benign|Infilteration,2
6816276473902837029,2,Benign|Infilteration,2
6816477448040529905,2,Benign|Infilteration,2
6825171715346792921,2,Benign|Infilteration,2
6832954173845491795,2,Benign|Infilteration,2
6837535173847014240,2,Benign|Infilteration,2
6838022226016416087,2,Benign|Infilteration,2
6842440131626949173,2,Benign|Infilteration,2
6844879040596956709,2,Benign|Infilteration,2
6845049305922411008,2,Benign|Infilteration,2
6848652224602237005,2,Benign|Infilteration,2
6851663514706470946,2,Benign|Infilteration,2
6851708111806780894,2,Benign|Infilteration,2
6853238178331334373,2,Benign|Infilteration,2
6853645665059135354,2,Benign|Infilteration,2
6858313174397694981,2,Benign|Infilteration,2
6860584453965100468,2,Benign|Infilteration,2
6861305932544679907,2,Benign|Infilteration,2
6867975090021650725,2,Benign|Infilteration,2
6871138086012998145,2,Benign|Infilteration,2
6871830709084543659,2,Benign|Infilteration,2
6875599103466272041,2,Benign|Infilteration,2
6878418383241133070,2,Benign|Infilteration,2
6884629047100493055,2,Benign|Infilteration,2
6885911242706949694,2,Benign|Infilteration,2
6889011529773772090,2,Benign|Infilteration,2
6889609651005645744,2,Benign|Infilteration,2
6891645088348313890,2,Benign|Infilteration,2
6895581995243454746,2,Benign|Infilteration,2
6899252497140824672,2,Benign|Infilteration,2
6900768310211320337,2,Benign|Infilteration,2
6901083409671243488,2,Benign|Infilteration,2
6902529571775913925,2,Benign|Infilteration,2
6906272496853430620,2,Benign|Infilteration,2
6909259633368404634,2,Benign|Infilteration,2
6909499758421330966,2,Benign|Infilteration,2
6915447153709150603,2,Benign|Infilteration,2
6916799168948409462,2,Benign|Infilteration,2
6919034055808763903,2,Benign|Infilteration,2
6932483297193751206,2,Benign|Infilteration,2
6938108843923310720,2,Benign|Infilteration,2
6946709616018603873,2,Benign|Infilteration,2
6948138356490224649,2,Benign|Infilteration,2
6949049600446997971,2,Benign|Infilteration,2
6949439017630772874,2,Benign|Infilteration,2
6950372949098419297,2,Benign|Infilteration,2
6959814483198663512,2,Benign|Infilteration,2
6960634112728164220,2,Benign|Infilteration,2
6961948390551912152,2,Benign|Infilteration,2
6967769129211303064,2,Benign|Infilteration,2
6971077412308393091,2,Benign|Infilteration,2
6971645106998558070,2,Benign|Infilteration,2
6973692479615496898,2,Benign|Infilteration,2
6974761192073419781,2,Benign|Infilteration,2
6980317947234111669,2,Benign|Infilteration,2
6982385814864198616,2,Benign|Infilteration,2
6986415818005374417,2,Benign|Infilteration,2
6986600556877456540,2,Benign|Infilteration,2
6988450409324157807,2,Benign|Infilteration,2
6992226939822946348,2,Benign|Infilteration,2
6993985577317551783,2,Benign|Infilteration,2
6998961841734739528,2,Benign|Infilteration,2
7003119664501586972,2,Benign|Infilteration,2
7004951370950714504,2,Benign|Infilteration,2
7005957027638105965,2,Benign|Infilteration,2
7010024137254759343,2,Benign|Infilteration,2
7012973168142216203,2,Benign|Infilteration,2
7016516880408256073,2,Benign|Infilteration,2
7019109704639075600,2,Benign|Infilteration,2
7019115679769312534,2,Benign|Infilteration,2
7023455265652726397,2,Benign|Infilteration,2
7030941011804441931,2,Benign|Infilteration,2
7031963652398263931,2,Benign|Infilteration,2
7037342089371186073,2,Benign|Infilteration,2
7039791070507664467,2,Benign|Infilteration,2
7042013874013892747,2,Benign|Infilteration,2
7043346288944280235,2,Benign|Infilteration,2
7053741471456177657,2,Benign|Infilteration,2
7055042058397502132,2,Benign|Infilteration,2
7065564485438275458,2,Benign|Infilteration,2
7071134684794000810,2,Benign|Infilteration,2
7075203642472987432,2,Benign|Infilteration,2
7077905860813345045,2,Benign|Infilteration,2
7081360221076043916,2,Benign|Infilteration,2
7082326846778896045,2,Benign|Infilteration,2
7085609694881914922,2,Benign|Infilteration,2
7092797927251194547,2,Benign|Infilteration,2
7098275683811304588,2,Benign|Infilteration,2
7099079725735280128,2,Benign|Infilteration,2
7100384993555727725,2,Benign|Infilteration,2
7104807745777252518,2,Benign|Infilteration,2
7105004310961522074,2,Benign|Infilteration,2
7107390441602655887,2,Benign|Infilteration,2
7107650012472056654,2,Benign|Infilteration,2
7108290204394590195,2,Benign|Infilteration,2
7108872048509296975,2,Benign|Infilteration,2
7112614180927566446,2,Benign|Infilteration,2
7113379106445248022,2,Benign|Infilteration,2
7116375353027997941,2,Benign|Infilteration,2
7118591175747914238,2,Benign|Infilteration,2
7128438837746288446,2,Benign|Infilteration,2
7129889613795558406,2,Benign|Infilteration,2
7133367934094963210,2,Benign|Infilteration,2
7139503241787037405,2,Benign|Infilteration,2
7146937113293996493,2,Benign|Infilteration,2
7151280895651766882,2,Benign|Infilteration,2
7153181251329072352,2,Benign|Infilteration,2
7153523266165323951,2,Benign|Infilteration,2
7155318276714328640,2,Benign|Infilteration,2
7157448422795392761,2,Benign|Infilteration,2
7160771923087260837,2,Benign|Infilteration,2
7162468576281812884,2,Benign|Infilteration,2
7164117648515289775,2,Benign|Infilteration,2
7164327973253391479,2,Benign|Infilteration,2
7166060378275657978,2,Benign|Infilteration,2
7167288547455628781,2,Benign|Infilteration,2
7174025435356239559,2,Benign|Infilteration,2
7176844762775869104,2,Benign|Infilteration,2
7178804884107839748,2,Benign|Infilteration,2
7182743119682527407,2,Benign|Infilteration,2
7184797079226349122,2,Benign|Infilteration,2
7184850076845934566,2,Benign|Infilteration,2
7185041037772833108,2,Benign|Infilteration,2
7193496327024512203,2,Benign|Infilteration,2
7194427689507584931,2,Benign|Infilteration,2
7195276717059907757,2,Benign|Infilteration,2
7209732718910510329,2,Benign|Infilteration,2
7210085915555808483,2,Benign|Infilteration,2
7216986731421626917,2,Benign|Infilteration,2
7218314580072771262,2,Benign|Infilteration,2
7221852873322913986,2,Benign|Infilteration,2
7226435116109778399,2,Benign|Infilteration,2
7226877123959016203,2,Benign|Infilteration,2
7227139386091998369,2,Benign|Infilteration,2
7239191562377958947,2,Benign|Infilteration,2
7247642762465324170,2,Benign|Infilteration,2
7248141636813279272,2,Benign|Infilteration,2
7249314541608754192,2,Benign|Infilteration,2
7250167603361791944,2,Benign|Infilteration,2
7263636721336952780,2,Benign|Infilteration,2
7263915018828140668,2,Benign|Infilteration,2
7270516564390242300,2,Benign|Infilteration,2
7271668857336239321,2,Benign|Infilteration,2
7273853482163947744,2,Benign|Infilteration,2
7279622565002990298,2,Benign|Infilteration,2
7279938733393142149,2,Benign|Infilteration,2
7281338320891427103,2,Benign|Infilteration,2
7285416083472958625,2,Benign|Infilteration,2
7289885698697214924,2,Benign|Infilteration,2
7293811338743424547,2,Benign|Infilteration,2
7294130733633416998,2,Benign|Infilteration,2
7298693405303326581,2,Benign|Infilteration,2
7298727749653395562,2,Benign|Infilteration,2
7308232049806839053,2,Benign|Infilteration,2
7308653807059776510,2,Benign|Infilteration,2
7313277918540339887,2,Benign|Infilteration,2
7318514112818209134,2,Benign|Infilteration,2
7319855523788836388,2,Benign|Infilteration,2
7323094280570970035,2,Benign|Infilteration,2
7329283683053982944,2,Benign|Infilteration,2
7331628042336672060,2,Benign|Infilteration,2
7335007606477151877,2,Benign|Infilteration,2
7341868612621926530,2,Benign|Infilteration,2
7346730652666943340,2,Benign|Infilteration,2
7355012840657813827,2,Benign|Infilteration,2
7356115737801111545,2,Benign|Infilteration,2
7356581290092833670,2,Benign|Infilteration,2
7363526641348986613,2,Benign|Infilteration,2
7367721040670574502,2,Benign|Infilteration,2
7372533602560150042,2,Benign|Infilteration,2
7372558848067102081,2,Benign|Infilteration,2
7376233033383028636,2,Benign|Infilteration,2
7379172800894775581,2,Benign|Infilteration,2
7380429915640714832,2,Benign|Infilteration,2
7380753622786784738,2,Benign|Infilteration,2
7381916766401065522,2,Benign|Infilteration,2
7382724363640604009,2,Benign|Infilteration,2
7388449181323342138,2,Benign|Infilteration,2
7396503882763023870,2,Benign|Infilteration,2
7405865043445854971,2,Benign|Infilteration,2
7406804956466822197,2,Benign|Infilteration,2
7408972978511106645,2,Benign|Infilteration,2
7418883557624147305,2,Benign|Infilteration,2
7423177589821976787,2,Benign|Infilteration,2
7423390857471300343,2,Benign|Infilteration,2
7428780747698648794,2,Benign|Infilteration,2
7434242754198630108,2,Benign|Infilteration,2
7435834970166297365,2,Benign|Infilteration,2
7439766422655248195,2,Benign|Infilteration,2
7441317112522662455,2,Benign|Infilteration,2
7444966402524954461,2,Benign|Infilteration,2
7446223547215393568,2,Benign|Infilteration,2
7448350792567329336,2,Benign|Infilteration,2
7449446316250730614,2,Benign|Infilteration,2
7449819670328587977,2,Benign|Infilteration,2
7452225821046688571,2,Benign|Infilteration,2
7454136634666184321,2,Benign|Infilteration,2
7454364984391577539,2,Benign|Infilteration,2
7463907776929796546,2,Benign|Infilteration,2
7467178355854854309,2,Benign|Infilteration,2
7469261636287016389,2,Benign|Infilteration,2
7473250735107163409,2,Benign|Infilteration,2
7477218664433962775,2,Benign|Infilteration,2
7490696960293164817,2,Benign|Infilteration,2
7491210779786676164,2,Benign|Infilteration,2
7494189674882994407,2,Benign|Infilteration,2
7497059574001356143,2,Benign|Infilteration,2
7497829977025189808,2,Benign|Infilteration,2
7498921613540734508,2,Benign|Infilteration,2
7507050247804324723,2,Benign|Infilteration,2
7507176794710594877,2,Benign|Infilteration,2
7510673759228131403,2,Benign|Infilteration,2
7516302963076416644,2,Benign|Infilteration,2
7521184497180066348,2,Benign|Infilteration,2
7522104075266864414,2,Benign|Infilteration,2
7525967328018592895,2,Benign|Infilteration,2
7528336121488433330,2,Benign|Infilteration,2
7530823953984114344,2,Benign|Infilteration,2
7531397871223923889,2,Benign|Infilteration,2
7532100897851703472,2,Benign|Infilteration,2
7536394771223663479,2,Benign|Infilteration,2
7536693289328457887,2,Benign|Infilteration,2
7540039800171251881,2,Benign|Infilteration,2
7546179984932468995,2,Benign|Infilteration,2
7552481134500720597,2,Benign|Infilteration,2
7554539104483191078,2,Benign|Infilteration,2
7559147793858416034,2,Benign|Infilteration,2
7559256968888247042,2,Benign|Infilteration,2
7562319206677215483,2,Benign|Infilteration,2
7568414159762938068,2,Benign|Infilteration,2
7570817755250025021,2,Benign|Infilteration,2
7578558007348539262,2,Benign|Infilteration,2
7578715363737148667,2,Benign|Infilteration,2
7579239449725972205,2,Benign|Infilteration,2
7580224338831416213,2,Benign|Infilteration,2
7581634991647068202,2,Benign|Infilteration,2
7586642043207670293,2,Benign|Infilteration,2
7588365962092109886,2,Benign|Infilteration,2
7588627468054468665,2,Benign|Infilteration,2
7589334998835082058,2,Benign|Infilteration,2
7590743787341881898,2,Benign|Infilteration,2
7593600267803935624,2,Benign|Infilteration,2
7595021266282155178,2,Benign|Infilteration,2
7596342602165544994,2,Benign|Infilteration,2
7598023900238752316,2,Benign|Infilteration,2
7606509112816155678,2,Benign|Infilteration,2
7607240077151873053,2,Benign|Infilteration,2
7610788450259016899,2,Benign|Infilteration,2
7614128772642165719,2,Benign|Infilteration,2
7614198005071983662,2,Benign|Infilteration,2
7616959779722204205,2,Benign|Infilteration,2
7619859979397861722,2,Benign|Infilteration,2
7624152538911829029,2,Benign|Infilteration,2
7624231257862895181,2,Benign|Infilteration,2
7628760916638912762,2,Benign|Infilteration,2
7629598710105355017,2,Benign|Infilteration,2
7629994651767772295,2,Benign|Infilteration,2
7631380478200266051,2,Benign|Infilteration,2
7634650092480858087,2,Benign|Infilteration,2
7637951234007002907,2,Benign|Infilteration,2
7640127575824157294,2,Benign|Infilteration,2
7642943554336739295,2,Benign|Infilteration,2
7643755527071350889,2,Benign|Infilteration,2
7644159595856545913,2,Benign|Infilteration,2
7645322240782895389,2,Benign|Infilteration,2
7647038475108752710,2,Benign|Infilteration,2
7647390033240041361,2,Benign|Infilteration,2
7647492520938498978,2,Benign|Infilteration,2
7649060496648499701,2,Benign|Infilteration,2
7660221845083573001,2,Benign|Infilteration,2
7662880743900694142,2,Benign|Infilteration,2
7663640107935496817,2,Benign|Infilteration,2
7663724560230964974,2,Benign|Infilteration,2
7663982476856302698,2,Benign|Infilteration,2
7664424425933682129,2,Benign|Infilteration,2
7665518050270129496,2,Benign|Infilteration,2
7666173174862880662,2,Benign|Infilteration,2
7666602695869973326,2,Benign|Infilteration,2
7670020914431150589,2,Benign|Infilteration,2
7670783186443620523,2,Benign|Infilteration,2
7672679542828527222,2,Benign|Infilteration,2
7674979556131267863,2,Benign|Infilteration,2
7675016142486879979,2,Benign|Infilteration,2
7676892279911286327,2,Benign|Infilteration,2
7677352944264592512,2,Benign|Infilteration,2
7680976133415028226,2,Benign|Infilteration,2
7681863773227240207,2,Benign|Infilteration,2
7690214395806875386,2,Benign|Infilteration,2
7698025487508627500,2,Benign|Infilteration,2
7700232687201738032,2,Benign|Infilteration,2
7700309535328535046,2,Benign|Infilteration,2
7704346461419859538,2,Benign|Infilteration,2
7706730206171894990,2,Benign|Infilteration,2
7718209996478127521,2,Benign|Infilteration,2
7719477557912565464,2,Benign|Infilteration,2
7720351091405629065,2,Benign|Infilteration,2
7722368961675486605,2,Benign|Infilteration,2
7731228230395839930,2,Benign|Infilteration,2
7733033704477588558,2,Benign|Infilteration,2
7737884809352121382,2,Benign|Infilteration,2
7738407243053754514,2,Benign|Infilteration,2
7741681458785900944,2,Benign|Infilteration,2
7744479003859301590,2,Benign|Infilteration,2
7745925969562672738,2,Benign|Infilteration,2
7745996017200779071,2,Benign|Infilteration,2
7748192475956431308,2,Benign|Infilteration,2
7748309290986854164,2,Benign|Infilteration,2
7750089264481100070,2,Benign|Infilteration,2
7753940650285596408,2,Benign|Infilteration,2
7757945769345228702,2,Benign|Infilteration,2
7765104793668147807,2,Benign|Infilteration,2
7767291120012131231,2,Benign|Infilteration,2
7769961725937725305,2,Benign|Infilteration,2
7774981030361614225,2,Benign|Infilteration,2
7778399592313567195,2,Benign|Infilteration,2
7778712856053828355,2,Benign|Infilteration,2
7782917061085886296,2,Benign|Infilteration,2
7784885057689008859,2,Benign|Infilteration,2
7790480219129786846,2,Benign|Infilteration,2
7791397790198076505,2,Benign|Infilteration,2
7791413625185709877,2,Benign|Infilteration,2
7794633059054153076,2,Benign|Infilteration,2
7795916361567138964,2,Benign|Infilteration,2
7797301644408812879,2,Benign|Infilteration,2
7799246687232010191,2,Benign|Infilteration,2
7800085872438312253,2,Benign|Infilteration,2
7802795797077455643,2,Benign|Infilteration,2
7803607025111073162,2,Benign|Infilteration,2
7803629802557570366,2,Benign|Infilteration,2
7810025972996056187,2,Benign|Infilteration,2
7812767472475160519,2,Benign|Infilteration,2
7813730470546873132,2,Benign|Infilteration,2
7814773605432810870,2,Benign|Infilteration,2
7815515000134751723,2,Benign|Infilteration,2
7820809139283156442,2,Benign|Infilteration,2
7823100509033493962,2,Benign|Infilteration,2
7831436818340099834,2,Benign|Infilteration,2
7846497446623381159,2,Benign|Infilteration,2
7847925990316142639,2,Benign|Infilteration,2
7848235720607734615,2,Benign|Infilteration,2
7854635431081172421,2,Benign|Infilteration,2
7857928094626945707,2,Benign|Infilteration,2
7860983155237799222,2,Benign|Infilteration,2
7867828475457400685,2,Benign|Infilteration,2
7871857202210669632,2,Benign|Infilteration,2
7872853500975465243,2,Benign|Infilteration,2
7875711494026022524,2,Benign|Infilteration,2
7875976543379084117,2,Benign|Infilteration,2
7879228150354944627,2,Benign|Infilteration,2
7891791567614461114,2,Benign|Infilteration,2
7898125342271343318,2,Benign|Infilteration,2
7903053707856166656,2,Benign|Infilteration,2
7906166640540374558,2,Benign|Infilteration,2
7908044189506466233,2,Benign|Infilteration,2
7911082008366489866,2,Benign|Infilteration,2
7911136042558193581,2,Benign|Infilteration,2
7913102507419443984,2,Benign|Infilteration,2
7921856665085463921,2,Benign|Infilteration,2
7923736773510184290,2,Benign|Infilteration,2
7924734057886904427,2,Benign|Infilteration,2
7925074764980567328,2,Benign|Infilteration,2
7927395886722975434,2,Benign|Infilteration,2
7930068580769432597,2,Benign|Infilteration,2
7936224144111440457,2,Benign|Infilteration,2
7938669313334050729,2,Benign|Infilteration,2
7938918877534837808,2,Benign|Infilteration,2
7938932845981630776,2,Benign|Infilteration,2
7940487750205992425,2,Benign|Infilteration,2
7948648058969503128,2,Benign|Infilteration,2
7951172847914385605,2,Benign|Infilteration,2
7951555331933809292,2,Benign|Infilteration,2
7954910202829158098,2,Benign|Infilteration,2
7960438704468962019,2,Benign|Infilteration,2
7964431015207050760,2,Benign|Infilteration,2
7968002723164976440,2,Benign|Infilteration,2
7970093512532291970,2,Benign|Infilteration,2
7970605047968431257,2,Benign|Infilteration,2
7973397347446028192,2,Benign|Infilteration,2
7978561547646825403,2,Benign|Infilteration,2
7982548480212980089,2,Benign|Infilteration,2
7986291154109198249,2,Benign|Infilteration,2
7986827565540859751,2,Benign|Infilteration,2
7987946113801704362,2,Benign|Infilteration,2
7989930334835180032,2,Benign|Infilteration,2
7991775657194977185,2,Benign|Infilteration,2
7993133255707062617,2,Benign|Infilteration,2
7995306309378131422,2,Benign|Infilteration,2
8000613694895657557,2,Benign|Infilteration,2
8001479428768969442,2,Benign|Infilteration,2
8003713006881694437,2,Benign|Infilteration,2
8008036752283881600,2,Benign|Infilteration,2
8008529644953310457,2,Benign|Infilteration,2
8010101716511418409,2,Benign|Infilteration,2
8015471004640135098,2,Benign|Infilteration,2
8019529582433599407,2,Benign|Infilteration,2
8022186919329557571,2,Benign|Infilteration,2
8027195497540051340,2,Benign|Infilteration,2
8029883342191841655,2,Benign|Infilteration,2
8032712355553133575,2,Benign|Infilteration,2
8033132689530762012,2,Benign|Infilteration,2
8035975049284954018,2,Benign|Infilteration,2
8039945832027525685,2,Benign|Infilteration,2
8041274582402110238,2,Benign|Infilteration,2
8041909276326123387,2,Benign|Infilteration,2
8047834753071111421,2,Benign|Infilteration,2
8047937967285056634,2,Benign|Infilteration,2
8052455051343524345,2,Benign|Infilteration,2
8059071020243674668,2,Benign|Infilteration,2
8060208408051633088,2,Benign|Infilteration,2
8060699599583790472,2,Benign|Infilteration,2
8061535258207829263,2,Benign|Infilteration,2
8062478841481500560,2,Benign|Infilteration,2
8064723095570589243,2,Benign|Infilteration,2
8068050194525050076,2,Benign|Infilteration,2
8069420154252102287,2,Benign|Infilteration,2
8072635075696791305,2,Benign|Infilteration,2
8072959709857414202,2,Benign|Infilteration,2
8073723355984388482,2,Benign|Infilteration,2
8075592162832419967,2,Benign|Infilteration,2
8077817724979778118,2,Benign|Infilteration,2
8080110650247998903,2,Benign|Infilteration,2
8081163031742662310,2,Benign|Infilteration,2
8082684367322357879,2,Benign|Infilteration,2
8083259936880390327,2,Benign|Infilteration,2
8085416603719671996,2,Benign|Infilteration,2
8086380537524520710,2,Benign|Infilteration,2
8089203600567418349,2,Benign|Infilteration,2
8091496685687274676,2,Benign|Infilteration,2
8092741361660628892,2,Benign|Infilteration,2
8101674912318901367,2,Benign|Infilteration,2
8104664463103537152,2,Benign|Infilteration,2
8105026745183187778,2,Benign|Infilteration,2
8105782964915734213,2,Benign|Infilteration,2
8108627059802631465,2,Benign|Infilteration,2
8111273809148816878,2,Benign|Infilteration,2
8111512740079695396,2,Benign|Infilteration,2
8116139607835012428,2,Benign|Infilteration,2
8118434564475327680,2,Benign|Infilteration,2
8125176348814018620,2,Benign|Infilteration,2
8126106174215646135,2,Benign|Infilteration,2
8130478284918330449,2,Benign|Infilteration,2
8130979501243148901,2,Benign|Infilteration,2
8132720492225876625,2,Benign|Infilteration,2
8133657583653347637,2,Benign|Infilteration,2
8140418643667884131,2,Benign|Infilteration,2
8141818315974081564,2,Benign|Infilteration,2
8147718846591086451,2,Benign|Infilteration,2
8148979221006075679,2,Benign|Infilteration,2
8150759916145841456,2,Benign|Infilteration,2
8152351119784557694,2,Benign|Infilteration,2
8152671429577847064,2,Benign|Infilteration,2
8163039799935834219,2,Benign|Infilteration,2
8164821804591765557,2,Benign|Infilteration,2
8167434128604457951,2,Benign|Infilteration,2
8168133715130070864,2,Benign|Infilteration,2
8169203514206936018,2,Benign|Infilteration,2
8172778969402786790,2,Benign|Infilteration,2
8173430167289960096,2,Benign|Infilteration,2
8179366163105310531,2,Benign|Infilteration,2
8184893805470705926,2,Benign|Infilteration,2
8188717958508173937,2,Benign|Infilteration,2
8193910628389367772,2,Benign|Infilteration,2
8201407105147754459,2,Benign|Infilteration,2
8202418043465465457,2,Benign|Infilteration,2
8206423314815312818,2,Benign|Infilteration,2
8206774132669724466,2,Benign|Infilteration,2
8208130984122528975,2,Benign|Infilteration,2
8209668641568481234,2,Benign|Infilteration,2
8209738439853800432,2,Benign|Infilteration,2
8210623062555941316,2,Benign|Infilteration,2
8211767421557588334,2,Benign|Infilteration,2
8216615867982996564,2,Benign|Infilteration,2
8217430003259854428,2,Benign|Infilteration,2
8217708182584095865,2,Benign|Infilteration,2
8218241604758473341,2,Benign|Infilteration,2
8218960679079930855,2,Benign|Infilteration,2
8220683316415574063,2,Benign|Infilteration,2
8221075032565373005,2,Benign|Infilteration,2
8225974289473703975,2,Benign|Infilteration,2
8228553954252629272,2,Benign|Infilteration,2
8235149035990411652,2,Benign|Infilteration,2
8236222747183336373,2,Benign|Infilteration,2
8237150492818718424,2,Benign|Infilteration,2
8242097076652805785,2,Benign|Infilteration,2
8242691369684421925,2,Benign|Infilteration,2
8252963974203606011,2,Benign|Infilteration,2
8258360328471677073,2,Benign|Infilteration,2
8258448973454846446,2,Benign|Infilteration,2
8259178149659615268,2,Benign|Infilteration,2
8269742900872278011,2,Benign|Infilteration,2
8277336886115878346,2,Benign|Infilteration,2
8278685198079917032,2,Benign|Infilteration,2
8281848556797521815,2,Benign|Infilteration,2
8292006347359928838,2,Benign|Infilteration,2
8293105993305808711,2,Benign|Infilteration,2
8293127021779014431,2,Benign|Infilteration,2
8298721305784652632,2,Benign|Infilteration,2
8301315559357390997,2,Benign|Infilteration,2
8305229949640532506,2,Benign|Infilteration,2
8308388114055549550,2,Benign|Infilteration,2
8312197691820662165,2,Benign|Infilteration,2
8318393373205014173,2,Benign|Infilteration,2
8318602836202882315,2,Benign|Infilteration,2
8319296373956887550,2,Benign|Infilteration,2
8334742733534777012,2,Benign|Infilteration,2
8334839778628888210,2,Benign|Infilteration,2
8337532822971386403,2,Benign|Infilteration,2
8337900132154361090,2,Benign|Infilteration,2
8344254102983171573,2,Benign|Infilteration,2
8347853154430770888,2,Benign|Infilteration,2
8348412011813465197,2,Benign|Infilteration,2
8348969032595189331,2,Benign|Infilteration,2
8349457565501365424,2,Benign|Infilteration,2
8349660115855232142,2,Benign|Infilteration,2
8351679881963555226,2,Benign|Infilteration,2
8351859095201436551,2,Benign|Infilteration,2
8356684991551216602,2,Benign|Infilteration,2
8357194158780835579,2,Benign|Infilteration,2
8362596978572186261,2,Benign|Infilteration,2
8363954906663357488,2,Benign|Infilteration,2
8366240657413735933,2,Benign|Infilteration,2
8368837700888233324,2,Benign|Infilteration,2
8370418565406464737,2,Benign|Infilteration,2
8371773656960274607,2,Benign|Infilteration,2
8373281548869671465,2,Benign|Infilteration,2
8376505766113884844,2,Benign|Infilteration,2
8378475740594056876,2,Benign|Infilteration,2
8379886156897951077,2,Benign|Infilteration,2
8380148249704672115,2,Benign|Infilteration,2
8384258402511900216,2,Benign|Infilteration,2
8387652065739476521,2,Benign|Infilteration,2
8391322310307686200,2,Benign|Infilteration,2
8392442056154686114,2,Benign|Infilteration,2
8392517478422596767,2,Benign|Infilteration,2
8394111549955721915,2,Benign|Infilteration,2
8396721985358367826,2,Benign|Infilteration,2
8400362260890363191,2,Benign|Infilteration,2
8402835992990082995,2,Benign|Infilteration,2
8403758726943412674,2,Benign|Infilteration,2
8405980517014593771,2,Benign|Infilteration,2
8406803749804502310,2,Benign|Infilteration,2
8412881264489983084,2,Benign|Infilteration,2
8413087283861587875,2,Benign|Infilteration,2
8415824504638326142,2,Benign|Infilteration,2
8416107547273950432,2,Benign|Infilteration,2
8416477553679831650,2,Benign|Infilteration,2
8421622357238038289,2,Benign|Infilteration,2
8421986629888530585,2,Benign|Infilteration,2
8427871538596645754,2,Benign|Infilteration,2
8428236103986954824,2,Benign|Infilteration,2
8428864820345645707,2,Benign|Infilteration,2
8439468948434973224,2,Benign|Infilteration,2
8448035434224762302,2,Benign|Infilteration,2
8449682737026179067,2,Benign|Infilteration,2
8449759973437844550,2,Benign|Infilteration,2
8453543007818912691,2,Benign|Infilteration,2
8455596162627042147,2,Benign|Infilteration,2
8458390581939015505,2,Benign|Infilteration,2
8461655653960526480,2,Benign|Infilteration,2
8468405383886899422,2,Benign|Infilteration,2
8470554921849236130,2,Benign|Infilteration,2
8472379874333156056,2,Benign|Infilteration,2
8472956701762915281,2,Benign|Infilteration,2
8473666316112403750,2,Benign|Infilteration,2
8474983019627794270,2,Benign|Infilteration,2
8477142281900135617,2,Benign|Infilteration,2
8479046440918955298,2,Benign|Infilteration,2
8482692985074521233,2,Benign|Infilteration,2
8483078778759424492,2,Benign|Infilteration,2
8484893834729021810,2,Benign|Infilteration,2
8485119825554468270,2,Benign|Infilteration,2
8487270703886017690,2,Benign|Infilteration,2
8493345569684846884,2,Benign|Infilteration,2
8493646132937791932,2,Benign|Infilteration,2
8496606086453155798,2,Benign|Infilteration,2
8497224231475578208,2,Benign|Infilteration,2
8497721469781588599,2,Benign|Infilteration,2
8500714861578855431,2,Benign|Infilteration,2
8512103524880672161,2,Benign|Infilteration,2
8513889370218553671,2,Benign|Infilteration,2
8514453982885340602,2,Benign|Infilteration,2
8518460267678105489,2,Benign|Infilteration,2
8518952863124575730,2,Benign|Infilteration,2
8519048645036935722,2,Benign|Infilteration,2
8519807078446303365,2,Benign|Infilteration,2
8523227234190151138,2,Benign|Infilteration,2
8533406306462115108,2,Benign|Infilteration,2
8534329389808827923,2,Benign|Infilteration,2
8534469409256886856,2,Benign|Infilteration,2
8536261138499124271,2,Benign|Infilteration,2
8539041840908482156,2,Benign|Infilteration,2
8540264752554113727,2,Benign|Infilteration,2
8551148559220123965,2,Benign|Infilteration,2
8552909751796091597,2,Benign|Infilteration,2
8562446349208233022,2,Benign|Infilteration,2
8564662259432574282,2,Benign|Infilteration,2
8565819412088029656,2,Benign|Infilteration,2
8567429955035341537,2,Benign|Infilteration,2
8567440801905282625,2,Benign|Infilteration,2
8568726461182825219,2,Benign|Infilteration,2
8574672645109406506,2,Benign|Infilteration,2
8575602074730891770,2,Benign|Infilteration,2
8576155882089256114,2,Benign|Infilteration,2
8577498097245369915,2,Benign|Infilteration,2
8582408005230802336,2,Benign|Infilteration,2
8585164603126392450,2,Benign|Infilteration,2
8587675285888722864,2,Benign|Infilteration,2
8589025924899909077,2,Benign|Infilteration,2
8589291666056569041,2,Benign|Infilteration,2
8593101920158693502,2,Benign|Infilteration,2
8596241949071775488,2,Benign|Infilteration,2
8600091044876789255,2,Benign|Infilteration,2
8600124565745755654,2,Benign|Infilteration,2
8602754241069284285,2,Benign|Infilteration,2
8606580758489950348,2,Benign|Infilteration,2
8617973753022523147,2,Benign|Infilteration,2
8618921123901960308,2,Benign|Infilteration,2
8619228397092196835,2,Benign|Infilteration,2
8620888877227838944,2,Benign|Infilteration,2
8621961627999819581,2,Benign|Infilteration,2
8622023039714936677,2,Benign|Infilteration,2
8622550047662305476,2,Benign|Infilteration,2
8629019576538082707,2,Benign|Infilteration,2
8630101857488331406,2,Benign|Infilteration,2
8630716303073178324,2,Benign|Infilteration,2
8633959440803658797,2,Benign|Infilteration,2
8635039952267531050,2,Benign|Infilteration,2
8635820085350799154,2,Benign|Infilteration,2
8642136196530240522,2,Benign|Infilteration,2
8644399074825106518,2,Benign|Infilteration,2
8651769268676285806,2,Benign|Infilteration,2
8656171552322200290,2,Benign|Infilteration,2
8656951589346091652,2,Benign|Infilteration,2
8658431779425744558,2,Benign|Infilteration,2
8659398771658368748,2,Benign|Infilteration,2
8666239901359758746,2,Benign|Infilteration,2
8681026170775193767,2,Benign|Infilteration,2
8685209256074527452,2,Benign|Infilteration,2
8685991699109670606,2,Benign|Infilteration,2
8691156881096261981,2,Benign|Infilteration,2
8695622419404315228,2,Benign|Infilteration,2
8696424131823910934,2,Benign|Infilteration,2
8697117949696857853,2,Benign|Infilteration,2
8701163086698836975,2,Benign|Infilteration,2
8703125586712472369,2,Benign|Infilteration,2
8707175274159730128,2,Benign|Infilteration,2
8708402692182109368,2,Benign|Infilteration,2
8711293780045709247,2,Benign|Infilteration,2
8713892017359481444,2,Benign|Infilteration,2
8714351090432189108,2,Benign|Infilteration,2
8719355731647516497,2,Benign|Infilteration,2
8728222455055053668,2,Benign|Infilteration,2
8736040046118321909,2,Benign|Infilteration,2
8736824581460477457,2,Benign|Infilteration,2
8737758633704111350,2,Benign|Infilteration,2
8745177885493833987,2,Benign|Infilteration,2
8749293961110997426,2,Benign|Infilteration,2
8752691350290528160,2,Benign|Infilteration,2
8759796239714809967,2,Benign|Infilteration,2
8761871977234095701,2,Benign|Infilteration,2
8763057055239863380,2,Benign|Infilteration,2
8763218202786122173,2,Benign|Infilteration,2
8763560839807903217,2,Benign|Infilteration,2
8769621858889400314,2,Benign|Infilteration,2
8770135227607945483,2,Benign|Infilteration,2
8770387294305143093,2,Benign|Infilteration,2
8770670488181234164,2,Benign|Infilteration,2
8778448434684640689,2,Benign|Infilteration,2
8780064174811894882,2,Benign|Infilteration,2
8784343085779189785,2,Benign|Infilteration,2
8791011473791942407,2,Benign|Infilteration,2
8792812702595707050,2,Benign|Infilteration,2
8794857638567066467,2,Benign|Infilteration,2
8796973485326232989,2,Benign|Infilteration,2
8807619023405773589,2,Benign|Infilteration,2
8814504896676466111,2,Benign|Infilteration,2
8817481936596210368,2,Benign|Infilteration,2
8817688943933001366,2,Benign|Infilteration,2
8823862644245022379,2,Benign|Infilteration,2
8825627014352335491,2,Benign|Infilteration,2
8828374563974732905,2,Benign|Infilteration,2
8831737887007884321,2,Benign|Infilteration,2
8837339420752717540,2,Benign|Infilteration,2
8837851668550415167,2,Benign|Infilteration,2
8840188329530808795,2,Benign|Infilteration,2
8842614348589541512,2,Benign|Infilteration,2
8843659879259297575,2,Benign|Infilteration,2
8846952250884047073,2,Benign|Infilteration,2
8852583998186411489,2,Benign|Infilteration,2
8853082663911653967,2,Benign|Infilteration,2
8857347929992124948,2,Benign|Infilteration,2
8865648070390007883,2,Benign|Infilteration,2
8867180400178447070,2,Benign|Infilteration,2
8872607934107594722,2,Benign|Infilteration,2
8872735494847644796,2,Benign|Infilteration,2
8874361588449851051,2,Benign|Infilteration,2
8875910586566117202,2,Benign|Infilteration,2
8879545060292940310,2,Benign|Infilteration,2
8879732615652814089,2,Benign|Infilteration,2
8884201250711366956,2,Benign|Infilteration,2
8886266676769625952,2,Benign|Infilteration,2
8891021435494376643,2,Benign|Infilteration,2
8893977165552752702,2,Benign|Infilteration,2
8894718294141697697,2,Benign|Infilteration,2
8894977075177221401,2,Benign|Infilteration,2
8896448937527528624,2,Benign|Infilteration,2
8898594079285326981,2,Benign|Infilteration,2
8898661291223991013,2,Benign|Infilteration,2
8900875492947732762,2,Benign|Infilteration,2
8901929917007166727,2,Benign|Infilteration,2
8902962560285468532,2,Benign|Infilteration,2
8906481537010165061,2,Benign|Infilteration,2
8906645370420723338,2,Benign|Infilteration,2
8906798648705320994,2,Benign|Infilteration,2
8908549815895051961,2,Benign|Infilteration,2
8908915068949436833,2,Benign|Infilteration,2
8911453510030195346,2,Benign|Infilteration,2
8911752274994252481,2,Benign|Infilteration,2
8912562370400394456,2,Benign|Infilteration,2
8912630678222275049,2,Benign|Infilteration,2
8916471542252564365,2,Benign|Infilteration,2
8916912556633488921,2,Benign|Infilteration,2
8918372982572156942,2,Benign|Infilteration,2
8919353119168006905,2,Benign|Infilteration,2
8923140466293012485,2,Benign|Infilteration,2
8926044124276034716,2,Benign|Infilteration,2
8928334283781172506,2,Benign|Infilteration,2
8930250962287972446,2,Benign|Infilteration,2
8932084042198114836,2,Benign|Infilteration,2
8933936477810536205,2,Benign|Infilteration,2
8938347614505781482,2,Benign|Infilteration,2
8938582408905674546,2,Benign|Infilteration,2
8938795860333670132,2,Benign|Infilteration,2
8939173811468233815,2,Benign|Infilteration,2
8939458426641446503,2,Benign|Infilteration,2
8939761730127651092,2,Benign|Infilteration,2
8940600396668342888,2,Benign|Infilteration,2
8945550609414065391,2,Benign|Infilteration,2
8948031910304095823,2,Benign|Infilteration,2
8949101258531881776,2,Benign|Infilteration,2
8955539179662404287,2,Benign|Infilteration,2
8958920410147674412,2,Benign|Infilteration,2
8965564685114734238,2,Benign|Infilteration,2
8975581557618146382,2,Benign|Infilteration,2
8976915028863534995,2,Benign|Infilteration,2
8981182815009588004,2,Benign|Infilteration,2
8981958384589240402,2,Benign|Infilteration,2
8982267326830874804,2,Benign|Infilteration,2
8986488029709837856,2,Benign|Infilteration,2
8993677053710911453,2,Benign|Infilteration,2
8994381144876580649,2,Benign|Infilteration,2
8994498976695116482,2,Benign|Infilteration,2
9000792715060622314,2,Benign|Infilteration,2
9003438227143848848,2,Benign|Infilteration,2
9005383426772893469,2,Benign|Infilteration,2
9010280187903463214,2,Benign|Infilteration,2
9010730886144625060,2,Benign|Infilteration,2
9017257654614526567,2,Benign|Infilteration,2
9017870067361933500,2,Benign|Infilteration,2
9021550387100119439,2,Benign|Infilteration,2
9022995744604146963,2,Benign|Infilteration,2
9024157578269892926,2,Benign|Infilteration,2
9024325646540068321,2,Benign|Infilteration,2
9025528781983303344,2,Benign|Infilteration,2
9028366964495559223,2,Benign|Infilteration,2
9029536904500342803,2,Benign|Infilteration,2
9034933904468950361,2,Benign|Infilteration,2
9037584398442690821,2,Benign|Infilteration,2
9038930667661729765,2,Benign|Infilteration,2
9039955725238712926,2,Benign|Infilteration,2
9041201728581137403,2,Benign|Infilteration,2
9045206314470440045,2,Benign|Infilteration,2
9056394760690974665,2,Benign|Infilteration,2
9056824362818846603,2,Benign|Infilteration,2
9057315369390445373,2,Benign|Infilteration,2
9061929727924536050,2,Benign|Infilteration,2
9062296090142737014,2,Benign|Infilteration,2
9064028504913046670,2,Benign|Infilteration,2
9065725524790370871,2,Benign|Infilteration,2
9066974125573575169,2,Benign|Infilteration,2
9073208870278320177,2,Benign|Infilteration,2
9076521517463153776,2,Benign|Infilteration,2
9077533183631103477,2,Benign|Infilteration,2
9077996128469646979,2,Benign|Infilteration,2
9079488666376119041,2,Benign|Infilteration,2
9083480135681732964,2,Benign|Infilteration,2
9086460830506745070,2,Benign|Infilteration,2
9093755437847017544,2,Benign|Infilteration,2
9097080845688509777,2,Benign|Infilteration,2
9098077141912784743,2,Benign|Infilteration,2
9100926930086384793,2,Benign|Infilteration,2
9104553094268028343,2,Benign|Infilteration,2
9105944696743538346,2,Benign|Infilteration,2
9107313164440153876,2,Benign|Infilteration,2
9108830816086315426,2,Benign|Infilteration,2
9110168948035007426,2,Benign|Infilteration,2
9111843002853253399,2,Benign|Infilteration,2
9113135005546773680,2,Benign|Infilteration,2
9125219382354979424,2,Benign|Infilteration,2
9125534024614502178,2,Benign|Infilteration,2
9136912636538788791,2,Benign|Infilteration,2
9140672850557266132,2,Benign|Infilteration,2
9142041466757242120,2,Benign|Infilteration,2
9147024725088746598,2,Benign|Infilteration,2
9148304679014643508,2,Benign|Infilteration,2
9148403108580549840,2,Benign|Infilteration,2
9148582338557086319,2,Benign|Infilteration,2
9149093621480580662,2,Benign|Infilteration,2
9149623689999168042,2,Benign|Infilteration,2
9151777211534539540,2,Benign|Infilteration,2
9152220624208002101,2,Benign|Infilteration,2
9159745109539242983,2,Benign|Infilteration,2
9161336333053746962,2,Benign|Infilteration,2
9165715881248372841,2,Benign|Infilteration,2
9167992220955790844,2,Benign|Infilteration,2
9168978643543198105,2,Benign|Infilteration,2
9173158968898274332,2,Benign|Infilteration,2
9177147111946221137,2,Benign|Infilteration,2
9190628685548974343,2,Benign|Infilteration,2
9191730168981184552,2,Benign|Infilteration,2
9197275344215680616,2,Benign|Infilteration,2
9198374653910569577,2,Benign|Infilteration,2
9198650612642251612,2,Benign|Infilteration,2
9208357560936029482,2,Benign|Infilteration,2
9210933496093789379,2,Benign|Infilteration,2
9212661884033120915,2,Benign|Infilteration,2
9215577044067385791,2,Benign|Infilteration,2
9216016001893544090,2,Benign|Infilteration,2
9221996169704956509,2,Benign|Infilteration,2
9223787461469577891,2,Benign|Infilteration,2
9227197160881259613,2,Benign|Infilteration,2
9230191677634923151,2,Benign|Infilteration,2
9234547747330200341,2,Benign|Infilteration,2
9249693007094441507,2,Benign|Infilteration,2
9249838373323369169,2,Benign|Infilteration,2
9256746387168107720,2,Benign|Infilteration,2
9261682977679992208,2,Benign|Infilteration,2
9261887584869864281,2,Benign|Infilteration,2
9268072039279386190,2,Benign|Infilteration,2
9276072995071966889,2,Benign|Infilteration,2
9279522073777328260,2,Benign|Infilteration,2
9285222482998936920,2,Benign|Infilteration,2
9287297722768235375,2,Benign|Infilteration,2
9295229753426840532,2,Benign|Infilteration,2
9296841633258394075,2,Benign|Infilteration,2
9297764271504517576,2,Benign|Infilteration,2
9302004152359384669,2,Benign|Infilteration,2
9302223819816706477,2,Benign|Infilteration,2
9303813347820471997,2,Benign|Infilteration,2
9306353925018523069,2,Benign|Infilteration,2
9309353319897608229,2,Benign|Infilteration,2
9310191388462937006,2,Benign|Infilteration,2
9312650250905133889,2,Benign|Infilteration,2
9319869158319576154,2,Benign|Infilteration,2
9326202830611343849,2,Benign|Infilteration,2
9329362641589854002,2,Benign|Infilteration,2
9329540008056161306,2,Benign|Infilteration,2
9330716072418373361,2,Benign|Infilteration,2
9331261285649446620,2,Benign|Infilteration,2
9333922419151367225,2,Benign|Infilteration,2
9342283369192573603,2,Benign|Infilteration,2
9344479979730815453,2,Benign|Infilteration,2
9347931898465573790,2,Benign|Infilteration,2
9354162958685471658,2,Benign|Infilteration,2
9361869772051790738,2,Benign|Infilteration,2
9366674575280893382,2,Benign|Infilteration,2
9367844961862271508,2,Benign|Infilteration,2
9369207813799064538,2,Benign|Infilteration,2
9370264867090967895,2,Benign|Infilteration,2
9371342664009927331,2,Benign|Infilteration,2
9371671514085153034,2,Benign|Infilteration,2
9380204814842033818,2,Benign|Infilteration,2
9380724276384715296,2,Benign|Infilteration,2
9381450884127357258,2,Benign|Infilteration,2
9381957683074401153,2,Benign|Infilteration,2
9382730009105755063,2,Benign|Infilteration,2
9384001187544420857,2,Benign|Infilteration,2
9389180057203980585,2,Benign|Infilteration,2
9398065799012359951,2,Benign|Infilteration,2
9403344057089837927,2,Benign|Infilteration,2
9403672711308323006,2,Benign|Infilteration,2
9404785017235193240,2,Benign|Infilteration,2
9410636213124434391,2,Benign|Infilteration,2
9415437138675633379,2,Benign|Infilteration,2
9415458567868151768,2,Benign|Infilteration,2
9420200723358816373,2,Benign|Infilteration,2
9425122898487134722,2,Benign|Infilteration,2
9428141712728503977,2,Benign|Infilteration,2
9430855262248857480,2,Benign|Infilteration,2
9431547535592086943,2,Benign|Infilteration,2
9434186924069449499,2,Benign|Infilteration,2
9437580057691383620,2,Benign|Infilteration,2
9437842269404513433,2,Benign|Infilteration,2
9444197685666063490,2,Benign|Infilteration,2
9447072039421329029,2,Benign|Infilteration,2
9447075779230610322,2,Benign|Infilteration,2
9447767031729480630,2,Benign|Infilteration,2
9449529467686415930,2,Benign|Infilteration,2
9450931170131617047,2,Benign|Infilteration,2
9455953127790275862,2,Benign|Infilteration,2
9455972832450523745,2,Benign|Infilteration,2
9458953990483444695,2,Benign|Infilteration,2
9462385446077206138,2,Benign|Infilteration,2
9466982460206844017,2,Benign|Infilteration,2
9470856468785439523,2,Benign|Infilteration,2
9471352529179830105,2,Benign|Infilteration,2
9471847745254181610,2,Benign|Infilteration,2
9473667729502625011,2,Benign|Infilteration,2
9475846788718742739,2,Benign|Infilteration,2
9477552425173155032,2,Benign|Infilteration,2
9478254599871678260,2,Benign|Infilteration,2
9497567086458367787,2,Benign|Infilteration,2
9499176391134663596,2,Benign|Infilteration,2
9501262948823606460,2,Benign|Infilteration,2
9506421866057170555,2,Benign|Infilteration,2
9509706781118984549,2,Benign|Infilteration,2
9513381669030566545,2,Benign|Infilteration,2
9517296321821163267,2,Benign|Infilteration,2
9517340232416113683,2,Benign|Infilteration,2
9518641063922309024,2,Benign|Infilteration,2
9522846596299202310,2,Benign|Infilteration,2
9527289787554354120,2,Benign|Infilteration,2
9527704174250724975,2,Benign|Infilteration,2
9529486865764575820,2,Benign|Infilteration,2
9530334579895412756,2,Benign|Infilteration,2
9532433602918028184,2,Benign|Infilteration,2
9534713153037416733,2,Benign|Infilteration,2
9535912039898047917,2,Benign|Infilteration,2
9538520565046857935,2,Benign|Infilteration,2
9539686409880163595,2,Benign|Infilteration,2
9542049225632596410,2,Benign|Infilteration,2
9543144156299404039,2,Benign|Infilteration,2
9543849231161006702,2,Benign|Infilteration,2
9544060682115869474,2,Benign|Infilteration,2
9544191768153877695,2,Benign|Infilteration,2
9544901062680025786,2,Benign|Infilteration,2
9546159587325440329,2,Benign|Infilteration,2
9546328730133622927,2,Benign|Infilteration,2
9546765914029952364,2,Benign|Infilteration,2
9548268613063238052,2,Benign|Infilteration,2
9549569926422940127,2,Benign|Infilteration,2
9556592125975166782,2,Benign|Infilteration,2
9557937804183797711,2,Benign|Infilteration,2
9558864724554787358,2,Benign|Infilteration,2
9561359182206131929,2,Benign|Infilteration,2
9561781117635917836,2,Benign|Infilteration,2
9562901681306184968,2,Benign|Infilteration,2
9571574156664938063,2,Benign|Infilteration,2
9574008656261910572,2,Benign|Infilteration,2
9577764018773306477,2,Benign|Infilteration,2
9579828233291923705,2,Benign|Infilteration,2
9580711198581451244,2,Benign|Infilteration,2
9582322147257505456,2,Benign|Infilteration,2
9584597019967037403,2,Benign|Infilteration,2
9584664497788205239,2,Benign|Infilteration,2
9584692954564136341,2,Benign|Infilteration,2
9584903191542955629,2,Benign|Infilteration,2
9584937088069460191,2,Benign|Infilteration,2
9586321033243990702,2,Benign|Infilteration,2
9587190167451364989,2,Benign|Infilteration,2
9594128792310791044,2,Benign|Infilteration,2
9597877317689144826,2,Benign|Infilteration,2
9599795024654107194,2,Benign|Infilteration,2
9603935559250183957,2,Benign|Infilteration,2
9604097216375229916,2,Benign|Infilteration,2
9606828458466066267,2,Benign|Infilteration,2
9614732438833644566,2,Benign|Infilteration,2
9614752262998122566,2,Benign|Infilteration,2
9620191552232539530,2,Benign|Infilteration,2
9629092258963393900,2,Benign|Infilteration,2
9629684510416383737,2,Benign|Infilteration,2
9637334032766925377,2,Benign|Infilteration,2
9640534470596187248,2,Benign|Infilteration,2
9642799886253735278,2,Benign|Infilteration,2
9651272114783151619,2,Benign|Infilteration,2
9663657564593986975,2,Benign|Infilteration,2
9663706842132521102,2,Benign|Infilteration,2
9664901391787872918,2,Benign|Infilteration,2
9665047803743417916,2,Benign|Infilteration,2
9665344696175112882,2,Benign|Infilteration,2
9667111678520169726,2,Benign|Infilteration,2
9684737638681080814,2,Benign|Infilteration,2
9688912711213670988,2,Benign|Infilteration,2
9692773165004188263,2,Benign|Infilteration,2
9692950512574548173,2,Benign|Infilteration,2
9696294895183311905,2,Benign|Infilteration,2
9699524364409002348,2,Benign|Infilteration,2
9701331984369428331,2,Benign|Infilteration,2
9705129846730982684,2,Benign|Infilteration,2
9713971418567890419,2,Benign|Infilteration,2
9715214168908765236,2,Benign|Infilteration,2
9716895815501613278,2,Benign|Infilteration,2
9717195488766609986,2,Benign|Infilteration,2
9717361867381262594,2,Benign|Infilteration,2
9717398313182102903,2,Benign|Infilteration,2
9721549511408958406,2,Benign|Infilteration,2
9728394800011918584,2,Benign|Infilteration,2
9728988769400856682,2,Benign|Infilteration,2
9730836113757695262,2,Benign|Infilteration,2
9732397099252619638,2,Benign|Infilteration,2
9735397603576883946,2,Benign|Infilteration,2
9736171889088950920,2,Benign|Infilteration,2
9740335570487496148,2,Benign|Infilteration,2
9741955462053262267,2,Benign|Infilteration,2
9742202640323330742,2,Benign|Infilteration,2
9747781403949700210,2,Benign|Infilteration,2
9751345216712673755,2,Benign|Infilteration,2
9751848968003172132,2,Benign|Infilteration,2
9754103755310576943,2,Benign|Infilteration,2
9755346230837174200,2,Benign|Infilteration,2
9755574763329889580,2,Benign|Infilteration,2
9756271972112502788,2,Benign|Infilteration,2
9756672847193146902,2,Benign|Infilteration,2
9756992473809291592,2,Benign|Infilteration,2
9758412505455802270,2,Benign|Infilteration,2
9758546193744611007,2,Benign|Infilteration,2
9759829272445751238,2,Benign|Infilteration,2
9760961697791090722,2,Benign|Infilteration,2
9763489272324939943,2,Benign|Infilteration,2
9763996520511008549,2,Benign|Infilteration,2
9775187130376404630,2,Benign|Infilteration,2
9776037620129565776,2,Benign|Infilteration,2
9778537750634126804,2,Benign|Infilteration,2
9778670001080269505,2,Benign|Infilteration,2
9779228154068248473,2,Benign|Infilteration,2
9786363143118967020,2,Benign|Infilteration,2
9786448039188683097,2,Benign|Infilteration,2
9789032157793888397,2,Benign|Infilteration,2
9790506945835795042,2,Benign|Infilteration,2
9793279796226480863,2,Benign|Infilteration,2
9795349770817205866,2,Benign|Infilteration,2
9795403314364944393,2,Benign|Infilteration,2
9797150020649319231,2,Benign|Infilteration,2
9800687307560232639,2,Benign|Infilteration,2
9801646887828048638,2,Benign|Infilteration,2
9802985072132731856,2,Benign|Infilteration,2
9805482052246051457,2,Benign|Infilteration,2
9814316705674808165,2,Benign|Infilteration,2
9815324159388919454,2,Benign|Infilteration,2
9817783972522838765,2,Benign|Infilteration,2
9818649025527494635,2,Benign|Infilteration,2
9819941334741098053,2,Benign|Infilteration,2
9824992706240404759,2,Benign|Infilteration,2
9826808804684877348,2,Benign|Infilteration,2
9830140293131203370,2,Benign|Infilteration,2
9830862331014133033,2,Benign|Infilteration,2
9831189922942451534,2,Benign|Infilteration,2
9831584549545125211,2,Benign|Infilteration,2
9832726112498954637,2,Benign|Infilteration,2
9832846647460791103,2,Benign|Infilteration,2
9836698391185452847,2,Benign|Infilteration,2
9839096442843836734,2,Benign|Infilteration,2
9847810841527984726,2,Benign|Infilteration,2
9849460785585098272,2,Benign|Infilteration,2
9851505228383943820,2,Benign|Infilteration,2
9853208729179595408,2,Benign|Infilteration,2
9855600453248698507,2,Benign|Infilteration,2
9856579051185201338,2,Benign|Infilteration,2
9856621973259374644,2,Benign|Infilteration,2
9856908757420169132,2,Benign|Infilteration,2
9857903422676790250,2,Benign|Infilteration,2
9864504775151959346,2,Benign|Infilteration,2
9870127315662135347,2,Benign|Infilteration,2
9870902716068383679,2,Benign|Infilteration,2
9871917391609151781,2,Benign|Infilteration,2
9877484294451847238,2,Benign|Infilteration,2
9879346301876829946,2,Benign|Infilteration,2
9883575540365115349,2,Benign|Infilteration,2
9883669711608187319,2,Benign|Infilteration,2
9886993830391716191,2,Benign|Infilteration,2
9892116685762662331,2,Benign|Infilteration,2
9894176831316577684,2,Benign|Infilteration,2
9897371613967149201,2,Benign|Infilteration,2
9904079484111934381,2,Benign|Infilteration,2
9906014633763330734,2,Benign|Infilteration,2
9908672435877798551,2,Benign|Infilteration,2
9910292376058607649,2,Benign|Infilteration,2
9910906466339292336,2,Benign|Infilteration,2
9914194321974728572,2,Benign|Infilteration,2
9915406405044727043,2,Benign|Infilteration,2
9916227118540887014,2,Benign|Infilteration,2
9928987712310110542,2,Benign|Infilteration,2
9929524793544651030,2,Benign|Infilteration,2
9933757134683717467,2,Benign|Infilteration,2
9935243570697862251,2,Benign|Infilteration,2
9939675225223845039,2,Benign|Infilteration,2
9953207082973198813,2,Benign|Infilteration,2
9955674998506870133,2,Benign|Infilteration,2
9955805692870313900,2,Benign|Infilteration,2
9957390354848823458,2,Benign|Infilteration,2
9961433938566772651,2,Benign|Infilteration,2
9961720994469491978,2,Benign|Infilteration,2
9973040253772638280,2,Benign|Infilteration,2
9975045072917032226,2,Benign|Infilteration,2
9979238020445096085,2,Benign|Infilteration,2
9979252873169471771,2,Benign|Infilteration,2
9982191824218187264,2,Benign|Infilteration,2
9988668993547181529,2,Benign|Infilteration,2
9990779566865022000,2,Benign|Infilteration,2
9990962105161646242,2,Benign|Infilteration,2
9995003532812248534,2,Benign|Infilteration,2
9998613289086939259,2,Benign|Infilteration,2
9999399769678268817,2,Benign|Infilteration,2
10003824728745387811,2,Benign|Infilteration,2
10004069501129545729,2,Benign|Infilteration,2
10004840409635869986,2,Benign|Infilteration,2
10009110846056789571,2,Benign|Infilteration,2
10011255235134013429,2,Benign|Infilteration,2
10011913820480189836,2,Benign|Infilteration,2
10018055924879826194,2,Benign|Infilteration,2
10032100829596248699,2,Benign|Infilteration,2
10032387212008388613,2,Benign|Infilteration,2
10036624063044009541,2,Benign|Infilteration,2
10039558344867818297,2,Benign|Infilteration,2
10042491031912277956,2,Benign|Infilteration,2
10046250687342377018,2,Benign|Infilteration,2
10048398019654972953,2,Benign|Infilteration,2
10051128347482757559,2,Benign|Infilteration,2
10052931119742457446,2,Benign|Infilteration,2
10060006893209444439,2,Benign|Infilteration,2
10074555417288129183,2,Benign|Infilteration,2
10075057399584197228,2,Benign|Infilteration,2
10075732705318199365,2,Benign|Infilteration,2
10076899685845023986,2,Benign|Infilteration,2
10077804199880408058,2,Benign|Infilteration,2
10078479241977748779,2,Benign|Infilteration,2
10083585970163484150,2,Benign|Infilteration,2
10084280073560743152,2,Benign|Infilteration,2
10089093411025625876,2,Benign|Infilteration,2
10098689826668431776,2,Benign|Infilteration,2
10098874464804914053,2,Benign|Infilteration,2
10105528874767964073,2,Benign|Infilteration,2
10108536794881838386,2,Benign|Infilteration,2
10116663916602300231,2,Benign|Infilteration,2
10119891313628264351,2,Benign|Infilteration,2
10121677405427530585,2,Benign|Infilteration,2
10127843487901239997,2,Benign|Infilteration,2
10129041397801010766,2,Benign|Infilteration,2
10133789795795806980,2,Benign|Infilteration,2
10137671731007575343,2,Benign|Infilteration,2
10142104349550917307,2,Benign|Infilteration,2
10143582286931750757,2,Benign|Infilteration,2
10147788809095505788,2,Benign|Infilteration,2
10152160659441927618,2,Benign|Infilteration,2
10154200211417658899,2,Benign|Infilteration,2
10154836124265685458,2,Benign|Infilteration,2
10154967472030690870,2,Benign|Infilteration,2
10156581668007134400,2,Benign|Infilteration,2
10157926507903021250,2,Benign|Infilteration,2
10158279427222170845,2,Benign|Infilteration,2
10163588108938034433,2,Benign|Infilteration,2
10163991531048502798,2,Benign|Infilteration,2
10164889676845344493,2,Benign|Infilteration,2
10164934253463298397,2,Benign|Infilteration,2
10168574461784123146,2,Benign|Infilteration,2
10171301725815075553,2,Benign|Infilteration,2
10174716661422552232,2,Benign|Infilteration,2
10176160802113168936,2,Benign|Infilteration,2
10177033535585362021,2,Benign|Infilteration,2
10177913928805382562,2,Benign|Infilteration,2
10181339947009466807,2,Benign|Infilteration,2
10185043265192058526,2,Benign|Infilteration,2
10195228646361590845,2,Benign|Infilteration,2
10196639903567113537,2,Benign|Infilteration,2
10203529319490058272,2,Benign|Infilteration,2
10209943858214049486,2,Benign|Infilteration,2
10210405815094157234,2,Benign|Infilteration,2
10221003469618240840,2,Benign|Infilteration,2
10223552104826337795,2,Benign|Infilteration,2
10224466650012831636,2,Benign|Infilteration,2
10227227266760557863,2,Benign|Infilteration,2
10229264732661460509,2,Benign|Infilteration,2
10234882800197506072,2,Benign|Infilteration,2
10238784164778837769,2,Benign|Infilteration,2
10242772475623772912,2,Benign|Infilteration,2
10243029668140935612,2,Benign|Infilteration,2
10246444725448950631,2,Benign|Infilteration,2
10247155620534043823,2,Benign|Infilteration,2
10249364632558370764,2,Benign|Infilteration,2
10249811101617708348,2,Benign|Infilteration,2
10254042295050028756,2,Benign|Infilteration,2
10254612736402532225,2,Benign|Infilteration,2
10256857919699500558,2,Benign|Infilteration,2
10259203251440773990,2,Benign|Infilteration,2
10264527699970039001,2,Benign|Infilteration,2
10268464399535072229,2,Benign|Infilteration,2
10270398847086374503,2,Benign|Infilteration,2
10273468519788078437,2,Benign|Infilteration,2
10275693814329893248,2,Benign|Infilteration,2
10277219523904106225,2,Benign|Infilteration,2
10277957842776667120,2,Benign|Infilteration,2
10278941012406504185,2,Benign|Infilteration,2
10279213308539290111,2,Benign|Infilteration,2
10284650157085166120,2,Benign|Infilteration,2
10291457370393464275,2,Benign|Infilteration,2
10294891394766907157,2,Benign|Infilteration,2
10297697160912329899,2,Benign|Infilteration,2
10298780474314455547,2,Benign|Infilteration,2
10304746725025332597,2,Benign|Infilteration,2
10307150521658146395,2,Benign|Infilteration,2
10308907090687628040,2,Benign|Infilteration,2
10313025221572517519,2,Benign|Infilteration,2
10313839443771349749,2,Benign|Infilteration,2
10314409271799113163,2,Benign|Infilteration,2
10320212078210989333,2,Benign|Infilteration,2
10321689401808918375,2,Benign|Infilteration,2
10322907183699599188,2,Benign|Infilteration,2
10324176027067400382,2,Benign|Infilteration,2
10325399080562577303,2,Benign|Infilteration,2
10329522127781281110,2,Benign|Infilteration,2
10333491470659589943,2,Benign|Infilteration,2
10335946182519190056,2,Benign|Infilteration,2
10336178266360029023,2,Benign|Infilteration,2
10336610018862530467,2,Benign|Infilteration,2
10343332243600468473,2,Benign|Infilteration,2
10344396793779861625,2,Benign|Infilteration,2
10349257427607387049,2,Benign|Infilteration,2
10357613203228256217,2,Benign|Infilteration,2
10358511549575339755,2,Benign|Infilteration,2
10373189238074378007,2,Benign|Infilteration,2
10376693500226668970,2,Benign|Infilteration,2
10377026077591018249,2,Benign|Infilteration,2
10377041719947695385,2,Benign|Infilteration,2
10378015407693288299,2,Benign|Infilteration,2
10378111796051658573,2,Benign|Infilteration,2
10378604233855022893,2,Benign|Infilteration,2
10384549573275975099,2,Benign|Infilteration,2
10385259797154723729,2,Benign|Infilteration,2
10386476375093670157,2,Benign|Infilteration,2
10388598740885297072,2,Benign|Infilteration,2
10399302377964090446,2,Benign|Infilteration,2
10400820688272668783,2,Benign|Infilteration,2
10401101294359144448,2,Benign|Infilteration,2
10402951079922691695,2,Benign|Infilteration,2
10403963721620698346,2,Benign|Infilteration,2
10407540968541614511,2,Benign|Infilteration,2
10408248758505051796,2,Benign|Infilteration,2
10410222913572523783,2,Benign|Infilteration,2
10410720044891959818,2,Benign|Infilteration,2
10411721216380071680,2,Benign|Infilteration,2
10421396322083937269,2,Benign|Infilteration,2
10422689988500295024,2,Benign|Infilteration,2
10423644774526038661,2,Benign|Infilteration,2
10426041528517716500,2,Benign|Infilteration,2
10427390743799149416,2,Benign|Infilteration,2
10427627749406962933,2,Benign|Infilteration,2
10429054035302055465,2,Benign|Infilteration,2
10430072976168267805,2,Benign|Infilteration,2
10431762292198260179,2,Benign|Infilteration,2
10431818413539648619,2,Benign|Infilteration,2
10432371394153433856,2,Benign|Infilteration,2
10436520435625429873,2,Benign|Infilteration,2
10436996803084637993,2,Benign|Infilteration,2
10444263050123186885,2,Benign|Infilteration,2
10445899983385584719,2,Benign|Infilteration,2
10446054236209297529,2,Benign|Infilteration,2
10453327478682581693,2,Benign|Infilteration,2
10454290286851734245,2,Benign|Infilteration,2
10455470761629828413,2,Benign|Infilteration,2
10458249483929717979,2,Benign|Infilteration,2
10461033933461617669,2,Benign|Infilteration,2
10461448730223834054,2,Benign|Infilteration,2
10464825165966712091,2,Benign|Infilteration,2
10467227345556476960,2,Benign|Infilteration,2
10475156348028476166,2,Benign|Infilteration,2
10476067266018638414,2,Benign|Infilteration,2
10486218426043331730,2,Benign|Infilteration,2
10488232712563451981,2,Benign|Infilteration,2
10488535617383797480,2,Benign|Infilteration,2
10489100796983129959,2,Benign|Infilteration,2
10493511782119890966,2,Benign|Infilteration,2
10495982672359401667,2,Benign|Infilteration,2
10498699535287753202,2,Benign|Infilteration,2
10502040672025037175,2,Benign|Infilteration,2
10504081582772139630,2,Benign|Infilteration,2
10504457471905055761,2,Benign|Infilteration,2
10510471680007138841,2,Benign|Infilteration,2
10512685150078763327,2,Benign|Infilteration,2
10513965593853663116,2,Benign|Infilteration,2
10519729273805000331,2,Benign|Infilteration,2
10520592517212559963,2,Benign|Infilteration,2
10522482662775973854,2,Benign|Infilteration,2
10522529731235102361,2,Benign|Infilteration,2
10529969701442519382,2,Benign|Infilteration,2
10530396809786304976,2,Benign|Infilteration,2
10531886756280523962,2,Benign|Infilteration,2
10532055972699799466,2,Benign|Infilteration,2
10533875554249589391,2,Benign|Infilteration,2
10539999433829464402,2,Benign|Infilteration,2
10549265443112799146,2,Benign|Infilteration,2
10555713893173217050,2,Benign|Infilteration,2
10557900081004103777,2,Benign|Infilteration,2
10561162957021483548,2,Benign|Infilteration,2
10566161068857280921,2,Benign|Infilteration,2
10567022292230374628,2,Benign|Infilteration,2
10569195043016484865,2,Benign|Infilteration,2
10569584903545914416,2,Benign|Infilteration,2
10569777104896277272,2,Benign|Infilteration,2
10569922092070700535,2,Benign|Infilteration,2
10570128856098345420,2,Benign|Infilteration,2
10575291839165026355,2,Benign|Infilteration,2
10576030935819828100,2,Benign|Infilteration,2
10578219330464099063,2,Benign|Infilteration,2
10578679773176293385,2,Benign|Infilteration,2
10581233688619924310,2,Benign|Infilteration,2
10583577448956870559,2,Benign|Infilteration,2
10587195109598177899,2,Benign|Infilteration,2
10587651697012820293,2,Benign|Infilteration,2
10588576551897962820,2,Benign|Infilteration,2
10594265662143872958,2,Benign|Infilteration,2
10594440509058112239,2,Benign|Infilteration,2
10601486584058401119,2,Benign|Infilteration,2
10602666090232388792,2,Benign|Infilteration,2
10605965778231602567,2,Benign|Infilteration,2
10612458814204650797,2,Benign|Infilteration,2
10616007080904520450,2,Benign|Infilteration,2
10617046201375273109,2,Benign|Infilteration,2
10618341555427476693,2,Benign|Infilteration,2
10620280620572631858,2,Benign|Infilteration,2
10620470643187744250,2,Benign|Infilteration,2
10628946106282031547,2,Benign|Infilteration,2
10634318244571537204,2,Benign|Infilteration,2
10638525266227346448,2,Benign|Infilteration,2
10640683384087910040,2,Benign|Infilteration,2
10642964133238662239,2,Benign|Infilteration,2
10643096528633717822,2,Benign|Infilteration,2
10643990770627727148,2,Benign|Infilteration,2
10645780756645030745,2,Benign|Infilteration,2
10653667161195568256,2,Benign|Infilteration,2
10656465063271171733,2,Benign|Infilteration,2
10661679523138669717,2,Benign|Infilteration,2
10663186636045382082,2,Benign|Infilteration,2
10663900988035716009,2,Benign|Infilteration,2
10665840089511156039,2,Benign|Infilteration,2
10675228665670095818,2,Benign|Infilteration,2
10681397613688416937,2,Benign|Infilteration,2
10683775252809025976,2,Benign|Infilteration,2
10684075877461240435,2,Benign|Infilteration,2
10685019389636140128,2,Benign|Infilteration,2
10691654520517411991,2,Benign|Infilteration,2
10697038639098354637,2,Benign|Infilteration,2
10698354717012233147,2,Benign|Infilteration,2
10699216205085162650,2,Benign|Infilteration,2
10705805436388166432,2,Benign|Infilteration,2
10707935013009236108,2,Benign|Infilteration,2
10715372357711652426,2,Benign|Infilteration,2
10716280689193415059,2,Benign|Infilteration,2
10718261302830256379,2,Benign|Infilteration,2
10721737960415262611,2,Benign|Infilteration,2
10722370596230841676,2,Benign|Infilteration,2
10722816054422133571,2,Benign|Infilteration,2
10722961220597642122,2,Benign|Infilteration,2
10723029582129516419,2,Benign|Infilteration,2
10731422868580255543,2,Benign|Infilteration,2
10735007609217642420,2,Benign|Infilteration,2
10736196900638236364,2,Benign|Infilteration,2
10736681667113780591,2,Benign|Infilteration,2
10737839967325440645,2,Benign|Infilteration,2
10738670691749314728,2,Benign|Infilteration,2
10739805723987846310,2,Benign|Infilteration,2
10739995888718599503,2,Benign|Infilteration,2
10741193084919477359,2,Benign|Infilteration,2
10741611506076596074,2,Benign|Infilteration,2
10746334397224791643,2,Benign|Infilteration,2
10749388598359219069,2,Benign|Infilteration,2
10752978204556650225,2,Benign|Infilteration,2
10762673981020794926,2,Benign|Infilteration,2
10784364891680430091,2,Benign|Infilteration,2
10787778775186899180,2,Benign|Infilteration,2
10789402236769163806,2,Benign|Infilteration,2
10795390110015343396,2,Benign|Infilteration,2
10795534313172514110,2,Benign|Infilteration,2
10795820444964984273,2,Benign|Infilteration,2
10807614938804951555,2,Benign|Infilteration,2
10809146160375412172,2,Benign|Infilteration,2
10816250631166539894,2,Benign|Infilteration,2
10816521171824677032,2,Benign|Infilteration,2
10820950382137745718,2,Benign|Infilteration,2
10822075513163483767,2,Benign|Infilteration,2
10827245446790091531,2,Benign|Infilteration,2
10828870540657527578,2,Benign|Infilteration,2
10845858974914429722,2,Benign|Infilteration,2
10846230515087924823,2,Benign|Infilteration,2
10849575451301900982,2,Benign|Infilteration,2
10852929691946239125,2,Benign|Infilteration,2
10854294625711005932,2,Benign|Infilteration,2
10857481159985856837,2,Benign|Infilteration,2
10857951691921010108,2,Benign|Infilteration,2
10860696500164359519,2,Benign|Infilteration,2
10861623499744389068,2,Benign|Infilteration,2
10862542955983169245,2,Benign|Infilteration,2
10863735584376226478,2,Benign|Infilteration,2
10864904586659444094,2,Benign|Infilteration,2
10870085273393601456,2,Benign|Infilteration,2
10877068737371807354,2,Benign|Infilteration,2
10877569776490218244,2,Benign|Infilteration,2
10878100945873041180,2,Benign|Infilteration,2
10879130878771165784,2,Benign|Infilteration,2
10886799439607338083,2,Benign|Infilteration,2
10889719305844023906,2,Benign|Infilteration,2
10893204421692082495,2,Benign|Infilteration,2
10893492414014044639,2,Benign|Infilteration,2
10893881673303459484,2,Benign|Infilteration,2
10897114942709111440,2,Benign|Infilteration,2
10901879301123775958,2,Benign|Infilteration,2
10905672108912347903,2,Benign|Infilteration,2
10906951115803550206,2,Benign|Infilteration,2
10907254477788362458,2,Benign|Infilteration,2
10907598161360454066,2,Benign|Infilteration,2
10911810066446820969,2,Benign|Infilteration,2
10916299699720595951,2,Benign|Infilteration,2
10917694436166657388,2,Benign|Infilteration,2
10920625580045994938,2,Benign|Infilteration,2
10921446731399209558,2,Benign|Infilteration,2
10921548109768102270,2,Benign|Infilteration,2
10922202818108821948,2,Benign|Infilteration,2
10927679695370292436,2,Benign|Infilteration,2
10929537229124172121,2,Benign|Infilteration,2
10930194170973645243,2,Benign|Infilteration,2
10947161675138784568,2,Benign|Infilteration,2
10954543124824405018,2,Benign|Infilteration,2
10955586834439048037,2,Benign|Infilteration,2
10963081844796859388,2,Benign|Infilteration,2
10963393854119347763,2,Benign|Infilteration,2
10965368273489513700,2,Benign|Infilteration,2
10969849221606456995,2,Benign|Infilteration,2
10974205380135418562,2,Benign|Infilteration,2
10975504845258216188,2,Benign|Infilteration,2
10975548830155781613,2,Benign|Infilteration,2
10976286032089968337,2,Benign|Infilteration,2
10977305944638142178,2,Benign|Infilteration,2
10979484794247977671,2,Benign|Infilteration,2
10981040774498026196,2,Benign|Infilteration,2
10985226715542736617,2,Benign|Infilteration,2
10985935345615109587,2,Benign|Infilteration,2
10987946864212319894,2,Benign|Infilteration,2
10989248504675876557,2,Benign|Infilteration,2
10991785299096528952,2,Benign|Infilteration,2
10991840161459375614,2,Benign|Infilteration,2
10993706731009759725,2,Benign|Infilteration,2
11003471219159751760,2,Benign|Infilteration,2
11010264851918562881,2,Benign|Infilteration,2
11013402070448703145,2,Benign|Infilteration,2
11028934609817184247,2,Benign|Infilteration,2
11028967270410862947,2,Benign|Infilteration,2
11029423990807816254,2,Benign|Infilteration,2
11031547331607591176,2,Benign|Infilteration,2
11032586303241058983,2,Benign|Infilteration,2
11037574111241136706,2,Benign|Infilteration,2
11040884421934094464,2,Benign|Infilteration,2
11041110200448681891,2,Benign|Infilteration,2
11042776231405316746,2,Benign|Infilteration,2
11045513783409044538,2,Benign|Infilteration,2
11048342523175521608,2,Benign|Infilteration,2
11056226539739868460,2,Benign|Infilteration,2
11057444231213773213,2,Benign|Infilteration,2
11059589246087185272,2,Benign|Infilteration,2
11060278641395859834,2,Benign|Infilteration,2
11063788694449071822,2,Benign|Infilteration,2
11065387380471256135,2,Benign|Infilteration,2
11068352783143038554,2,Benign|Infilteration,2
11073968640756866411,2,Benign|Infilteration,2
11074760966623784948,2,Benign|Infilteration,2
11076366817307680722,2,Benign|Infilteration,2
11076829528737289142,2,Benign|Infilteration,2
11079076256694490578,2,Benign|Infilteration,2
11090458270710559058,2,Benign|Infilteration,2
11091812158958496202,2,Benign|Infilteration,2
11092865776762981933,2,Benign|Infilteration,2
11093009125085036317,2,Benign|Infilteration,2
11094324732888950856,2,Benign|Infilteration,2
11094988357227351268,2,Benign|Infilteration,2
11097094357322354803,2,Benign|Infilteration,2
11099920398361109392,2,Benign|Infilteration,2
11100140468080772308,2,Benign|Infilteration,2
11105348660500391174,2,Benign|Infilteration,2
11105541399182360650,2,Benign|Infilteration,2
11107678462151381188,2,Benign|Infilteration,2
11113545809840227579,2,Benign|Infilteration,2
11117492714515605932,2,Benign|Infilteration,2
11134231432070434725,2,Benign|Infilteration,2
11135336496742938755,2,Benign|Infilteration,2
11137949089889667188,2,Benign|Infilteration,2
11141772101393215799,2,Benign|Infilteration,2
11144058625809710764,2,Benign|Infilteration,2
11147117254563469909,2,Benign|Infilteration,2
11149802663075777720,2,Benign|Infilteration,2
11154373958960761591,2,Benign|Infilteration,2
11165424126360373192,2,Benign|Infilteration,2
11167431132017062337,2,Benign|Infilteration,2
11168268654644283858,2,Benign|Infilteration,2
11170357188186762998,2,Benign|Infilteration,2
11171892328087198728,2,Benign|Infilteration,2
11174884508675305010,2,Benign|Infilteration,2
11175726057230190009,2,Benign|Infilteration,2
11177163254198986194,2,Benign|Infilteration,2
11181330428587119283,2,Benign|Infilteration,2
11186491797376315031,2,Benign|Infilteration,2
11196495373684229714,2,Benign|Infilteration,2
11197103933707601189,2,Benign|Infilteration,2
11204081269525264922,2,Benign|Infilteration,2
11206215188240861250,2,Benign|Infilteration,2
11209036341070796360,2,Benign|Infilteration,2
11209302686677325276,2,Benign|Infilteration,2
11211926436453440199,2,Benign|Infilteration,2
11214801073257200830,2,Benign|Infilteration,2
11216058104217586761,2,Benign|Infilteration,2
11220098144028686957,2,Benign|Infilteration,2
11222874682814010833,2,Benign|Infilteration,2
11225087232665790311,2,Benign|Infilteration,2
11226054296778852707,2,Benign|Infilteration,2
11232400441477906328,2,Benign|Infilteration,2
11233455299425897891,2,Benign|Infilteration,2
11233577782467603935,2,Benign|Infilteration,2
11234293878276178002,2,Benign|Infilteration,2
11235499585812058714,2,Benign|Infilteration,2
11248019651346235571,2,Benign|Infilteration,2
11248268751213200811,2,Benign|Infilteration,2
11257038030379978493,2,Benign|Infilteration,2
11259528144187752654,2,Benign|Infilteration,2
11260511637483475819,2,Benign|Infilteration,2
11263077046241755494,2,Benign|Infilteration,2
11266737012562080256,2,Benign|Infilteration,2
11267722273521307572,2,Benign|Infilteration,2
11267985600550671002,2,Benign|Infilteration,2
11270890819625825195,2,Benign|Infilteration,2
11275253439303016738,2,Benign|Infilteration,2
11278638473342293986,2,Benign|Infilteration,2
11278727160742432925,2,Benign|Infilteration,2
11282566596645791966,2,Benign|Infilteration,2
11286723513592292533,2,Benign|Infilteration,2
11290925335346413703,2,Benign|Infilteration,2
11294296138164210977,2,Benign|Infilteration,2
11295340783867292412,2,Benign|Infilteration,2
11296259148576099011,2,Benign|Infilteration,2
11298588957726466299,2,Benign|Infilteration,2
11304685573124890006,2,Benign|Infilteration,2
11305019500825987550,2,Benign|Infilteration,2
11306815952204500367,2,Benign|Infilteration,2
11308758060053013386,2,Benign|Infilteration,2
11310775157273135170,2,Benign|Infilteration,2
11312551504410518431,2,Benign|Infilteration,2
11313087627680450368,2,Benign|Infilteration,2
11313897948322401721,2,Benign|Infilteration,2
11319582054347388220,2,Benign|Infilteration,2
11320938913617098484,2,Benign|Infilteration,2
11328512456201661840,2,Benign|Infilteration,2
11328958973965854226,2,Benign|Infilteration,2
11330735672696659823,2,Benign|Infilteration,2
11330884481642912503,2,Benign|Infilteration,2
11342231248495343734,2,Benign|Infilteration,2
11343546237032928876,2,Benign|Infilteration,2
11343905862401186848,2,Benign|Infilteration,2
11346443421615002888,2,Benign|Infilteration,2
11348427118846461380,2,Benign|Infilteration,2
11352563800032687135,2,Benign|Infilteration,2
11352669801749816509,2,Benign|Infilteration,2
11356762225472801698,2,Benign|Infilteration,2
11361400961941762691,2,Benign|Infilteration,2
11363426039266597474,2,Benign|Infilteration,2
11367651199549926099,2,Benign|Infilteration,2
11385949282078250078,2,Benign|Infilteration,2
11386026206847359613,2,Benign|Infilteration,2
11388868833509643304,2,Benign|Infilteration,2
11390137849409434014,2,Benign|Infilteration,2
11394756444281657690,2,Benign|Infilteration,2
11395037147174442771,2,Benign|Infilteration,2
11395775102975816048,2,Benign|Infilteration,2
11399403765250061849,2,Benign|Infilteration,2
11399673115940383271,2,Benign|Infilteration,2
11404296870194370468,2,Benign|Infilteration,2
11405585612391983840,2,Benign|Infilteration,2
11411611214950643198,2,Benign|Infilteration,2
11413340486922522622,2,Benign|Infilteration,2
11413988208139250301,2,Benign|Infilteration,2
11414226142715784015,2,Benign|Infilteration,2
11419311856601822925,2,Benign|Infilteration,2
11421207156234231755,2,Benign|Infilteration,2
11424960154098666391,2,Benign|Infilteration,2
11426022464190190285,2,Benign|Infilteration,2
11432635184452348608,2,Benign|Infilteration,2
11436950348783564004,2,Benign|Infilteration,2
11438717568629237988,2,Benign|Infilteration,2
11447888501458138344,2,Benign|Infilteration,2
11448035050161672052,2,Benign|Infilteration,2
11448224102882098964,2,Benign|Infilteration,2
11449338821850914638,2,Benign|Infilteration,2
11450654879671840210,2,Benign|Infilteration,2
11456686051533650769,2,Benign|Infilteration,2
11461407198126561259,2,Benign|Infilteration,2
11464797370189354162,2,Benign|Infilteration,2
11465601947982777399,2,Benign|Infilteration,2
11465797877969232856,2,Benign|Infilteration,2
11466112638855639390,2,Benign|Infilteration,2
11466315710313905313,2,Benign|Infilteration,2
11466826340273002872,2,Benign|Infilteration,2
11467255941880500702,2,Benign|Infilteration,2
11468696898917708285,2,Benign|Infilteration,2
11473583543917170481,2,Benign|Infilteration,2
11474824023814581138,2,Benign|Infilteration,2
11481502475188788454,2,Benign|Infilteration,2
11484513230055679606,2,Benign|Infilteration,2
11484714001706858624,2,Benign|Infilteration,2
11484796455633328842,2,Benign|Infilteration,2
11494482426500886966,2,Benign|Infilteration,2
11494510076619562626,2,Benign|Infilteration,2
11498775902306059447,2,Benign|Infilteration,2
11500712230458603039,2,Benign|Infilteration,2
11501842524902803087,2,Benign|Infilteration,2
11502354413905853555,2,Benign|Infilteration,2
11506816779465384150,2,Benign|Infilteration,2
11507265242168327677,2,Benign|Infilteration,2
11511567666070456902,2,Benign|Infilteration,2
11514259203297681627,2,Benign|Infilteration,2
11516376704118210819,2,Benign|Infilteration,2
11518437512616763691,2,Benign|Infilteration,2
11521032632140200598,2,Benign|Infilteration,2
11530928972726708335,2,Benign|Infilteration,2
11535086946488569854,2,Benign|Infilteration,2
11537122960460323953,2,Benign|Infilteration,2
11539489188809688151,2,Benign|Infilteration,2
11543427236192420490,2,Benign|Infilteration,2
11543967564310515860,2,Benign|Infilteration,2
11545157243690148113,2,Benign|Infilteration,2
11547819758753408183,2,Benign|Infilteration,2
11548408673481371325,2,Benign|Infilteration,2
11551228070575868312,2,Benign|Infilteration,2
11551550981634307986,2,Benign|Infilteration,2
11553017123158085306,2,Benign|Infilteration,2
11554993672725662281,2,Benign|Infilteration,2
11556995464639917286,2,Benign|Infilteration,2
11560106428216276400,2,Benign|Infilteration,2
11560297677647949284,2,Benign|Infilteration,2
11562373211568202496,2,Benign|Infilteration,2
11564399675827582812,2,Benign|Infilteration,2
11565131083471044460,2,Benign|Infilteration,2
11566524991429921802,2,Benign|Infilteration,2
11566592455506623025,2,Benign|Infilteration,2
11566842147500215600,2,Benign|Infilteration,2
11569181303946514787,2,Benign|Infilteration,2
11573842441402836537,2,Benign|Infilteration,2
11574163213628077861,2,Benign|Infilteration,2
11577284422246699138,2,Benign|Infilteration,2
11581265289448142419,2,Benign|Infilteration,2
11581327867774241558,2,Benign|Infilteration,2
11581912153113229470,2,Benign|Infilteration,2
11583560822497011018,2,Benign|Infilteration,2
11593944398260226111,2,Benign|Infilteration,2
11603222046380871853,2,Benign|Infilteration,2
11604375971842543388,2,Benign|Infilteration,2
11608549412304981532,2,Benign|Infilteration,2
11610595208951301996,2,Benign|Infilteration,2
11610660811173046569,2,Benign|Infilteration,2
11612349728456346854,2,Benign|Infilteration,2
11613720362441413237,2,Benign|Infilteration,2
11622746765830536292,2,Benign|Infilteration,2
11625352545497639290,2,Benign|Infilteration,2
11633588835119389076,2,Benign|Infilteration,2
11634123007238190771,2,Benign|Infilteration,2
11635701912734145348,2,Benign|Infilteration,2
11636640933122607034,2,Benign|Infilteration,2
11638275866611883549,2,Benign|Infilteration,2
11643462344707970318,2,Benign|Infilteration,2
11643812641540135755,2,Benign|Infilteration,2
11644114680346299548,2,Benign|Infilteration,2
11655082290304468123,2,Benign|Infilteration,2
11655975020482155907,2,Benign|Infilteration,2
11657803289661176896,2,Benign|Infilteration,2
11667377073322505481,2,Benign|Infilteration,2
11670511543674298034,2,Benign|Infilteration,2
11675734406847275454,2,Benign|Infilteration,2
11686413308991784881,2,Benign|Infilteration,2
11686768619206622687,2,Benign|Infilteration,2
11687534215963036425,2,Benign|Infilteration,2
11692380207026621537,2,Benign|Infilteration,2
11698199059183706574,2,Benign|Infilteration,2
11703379563118085515,2,Benign|Infilteration,2
11711110549621119244,2,Benign|Infilteration,2
11725275009058295666,2,Benign|Infilteration,2
11734702579048400550,2,Benign|Infilteration,2
11741129355810805410,2,Benign|Infilteration,2
11743751540985920887,2,Benign|Infilteration,2
11752751549973436545,2,Benign|Infilteration,2
11753057825661946859,2,Benign|Infilteration,2
11753102301075000952,2,Benign|Infilteration,2
11754769449704905639,2,Benign|Infilteration,2
11755789586673323911,2,Benign|Infilteration,2
11757021671193664087,2,Benign|Infilteration,2
11764092233441768107,2,Benign|Infilteration,2
11764314164474140345,2,Benign|Infilteration,2
11770301190425854739,2,Benign|Infilteration,2
11771152715897496927,2,Benign|Infilteration,2
11774124558056450511,2,Benign|Infilteration,2
11775139781440784696,2,Benign|Infilteration,2
11775804654220456946,2,Benign|Infilteration,2
11782885056338066491,2,Benign|Infilteration,2
11783464081259955650,2,Benign|Infilteration,2
11785610973239061653,2,Benign|Infilteration,2
11786102604175389010,2,Benign|Infilteration,2
11795082710482837872,2,Benign|Infilteration,2
11799728564986310278,2,Benign|Infilteration,2
11800728402854627464,2,Benign|Infilteration,2
11801381569858709445,2,Benign|Infilteration,2
11801768497422697593,2,Benign|Infilteration,2
11802922869421815624,2,Benign|Infilteration,2
11803205697384533953,2,Benign|Infilteration,2
11807943216665333199,2,Benign|Infilteration,2
11814034809828013640,2,Benign|Infilteration,2
11821454597437552232,2,Benign|Infilteration,2
11824006389428429545,2,Benign|Infilteration,2
11825273145947821964,2,Benign|Infilteration,2
11826118486270428677,2,Benign|Infilteration,2
11829046133298290164,2,Benign|Infilteration,2
11829954314763945440,2,Benign|Infilteration,2
11830189301092695302,2,Benign|Infilteration,2
11835202811976638520,2,Benign|Infilteration,2
11836666768343328441,2,Benign|Infilteration,2
11837144606688300882,2,Benign|Infilteration,2
11838505679025236156,2,Benign|Infilteration,2
11841088099238615885,2,Benign|Infilteration,2
11842738181878323583,2,Benign|Infilteration,2
11843002847031095590,2,Benign|Infilteration,2
11852471438508857211,2,Benign|Infilteration,2
11853094372804358766,2,Benign|Infilteration,2
11859683758405196168,2,Benign|Infilteration,2
11859859921228420522,2,Benign|Infilteration,2
11860205021874048124,2,Benign|Infilteration,2
11862501996790631909,2,Benign|Infilteration,2
11867384608013264087,2,Benign|Infilteration,2
11870927335739493637,2,Benign|Infilteration,2
11873152710669475420,2,Benign|Infilteration,2
11879118338510885066,2,Benign|Infilteration,2
11879688000112006592,2,Benign|Infilteration,2
11880375287715812906,2,Benign|Infilteration,2
11881062981027574081,2,Benign|Infilteration,2
11882444918738256907,2,Benign|Infilteration,2
11882708027476826528,2,Benign|Infilteration,2
11886242243240218893,2,Benign|Infilteration,2
11887610498505310603,2,Benign|Infilteration,2
11887864046622440150,2,Benign|Infilteration,2
11892913359792726946,2,Benign|Infilteration,2
11893269775844754612,2,Benign|Infilteration,2
11893475341147086306,2,Benign|Infilteration,2
11899403767759152458,2,Benign|Infilteration,2
11901423259731171337,2,Benign|Infilteration,2
11904189090771868406,2,Benign|Infilteration,2
11904744134026616762,2,Benign|Infilteration,2
11905457338997852143,2,Benign|Infilteration,2
11906319890513203828,2,Benign|Infilteration,2
11909516145950388327,2,Benign|Infilteration,2
11910591461329916376,2,Benign|Infilteration,2
11911641843832511833,2,Benign|Infilteration,2
11912348299279362896,2,Benign|Infilteration,2
11914518162784627143,2,Benign|Infilteration,2
11921511412663157542,2,Benign|Infilteration,2
11924797440517704770,2,Benign|Infilteration,2
11926867940162813150,2,Benign|Infilteration,2
11930205241813127685,2,Benign|Infilteration,2
11940121091473931247,2,Benign|Infilteration,2
11940843828417935406,2,Benign|Infilteration,2
11941654998200012353,2,Benign|Infilteration,2
11942012416631104033,2,Benign|Infilteration,2
11943174610994562091,2,Benign|Infilteration,2
11946131974551338251,2,Benign|Infilteration,2
11947230850136485855,2,Benign|Infilteration,2
11949044109767673553,2,Benign|Infilteration,2
11949600820968189084,2,Benign|Infilteration,2
11954440228163068780,2,Benign|Infilteration,2
11957322721032477678,2,Benign|Infilteration,2
11963810958396165043,2,Benign|Infilteration,2
11963952533182123384,2,Benign|Infilteration,2
11969834850959000890,2,Benign|Infilteration,2
11974693457107887983,2,Benign|Infilteration,2
11975993427691860372,2,Benign|Infilteration,2
11983486710902104589,2,Benign|Infilteration,2
11984433149211475104,2,Benign|Infilteration,2
11985427971806843489,2,Benign|Infilteration,2
11989386937576635359,2,Benign|Infilteration,2
11991573490015556970,2,Benign|Infilteration,2
12007754490199944376,2,Benign|Infilteration,2
12011431153020089927,2,Benign|Infilteration,2
12012560741458140381,2,Benign|Infilteration,2
12021841103034498310,2,Benign|Infilteration,2
12024880843584228667,2,Benign|Infilteration,2
12029204745925552161,2,Benign|Infilteration,2
12032923637196944085,2,Benign|Infilteration,2
12033105531272169362,2,Benign|Infilteration,2
12033232145031722237,2,Benign|Infilteration,2
12038780508020198865,2,Benign|Infilteration,2
12043131238911941773,2,Benign|Infilteration,2
12045225214074020050,2,Benign|Infilteration,2
12048468805355392129,2,Benign|Infilteration,2
12050987649660048659,2,Benign|Infilteration,2
12053363707045050959,2,Benign|Infilteration,2
12059703750652565561,2,Benign|Infilteration,2
12062266182855496267,2,Benign|Infilteration,2
12062384290945373747,2,Benign|Infilteration,2
12064163343522772061,2,Benign|Infilteration,2
12065350437712445888,2,Benign|Infilteration,2
12075183733070866931,2,Benign|Infilteration,2
12077267473260278858,2,Benign|Infilteration,2
12078281421411273554,2,Benign|Infilteration,2
12079055171948963009,2,Benign|Infilteration,2
12080634480548772069,2,Benign|Infilteration,2
12081666455418630615,2,Benign|Infilteration,2
12084483033166236479,2,Benign|Infilteration,2
12084726435621998420,2,Benign|Infilteration,2
12089840278012199617,2,Benign|Infilteration,2
12094198284617854164,2,Benign|Infilteration,2
12097551120492709922,2,Benign|Infilteration,2
12097896249956877429,2,Benign|Infilteration,2
12101902697948434074,2,Benign|Infilteration,2
12108798818596859506,2,Benign|Infilteration,2
12108836567187268627,2,Benign|Infilteration,2
12116131840167738269,2,Benign|Infilteration,2
12116762256234017009,2,Benign|Infilteration,2
12116857892491791389,2,Benign|Infilteration,2
12128587085685286968,2,Benign|Infilteration,2
12130186679267943923,2,Benign|Infilteration,2
12133194420349514869,2,Benign|Infilteration,2
12136849999170385516,2,Benign|Infilteration,2
12137224842775853640,2,Benign|Infilteration,2
12140727990063509500,2,Benign|Infilteration,2
12144529550152406848,2,Benign|Infilteration,2
12148903676420360067,2,Benign|Infilteration,2
12152961981647541692,2,Benign|Infilteration,2
12155897121920349217,2,Benign|Infilteration,2
12170552891995420547,2,Benign|Infilteration,2
12172147138529784653,2,Benign|Infilteration,2
12172521691326367763,2,Benign|Infilteration,2
12173304243337542411,2,Benign|Infilteration,2
12176920785309949692,2,Benign|Infilteration,2
12179366592461630949,2,Benign|Infilteration,2
12179471532015145082,2,Benign|Infilteration,2
12179621832275342950,2,Benign|Infilteration,2
12181717415848133654,2,Benign|Infilteration,2
12184309636951480540,2,Benign|Infilteration,2
12187395787787184137,2,Benign|Infilteration,2
12187501403235552983,2,Benign|Infilteration,2
12188548919968314878,2,Benign|Infilteration,2
12190161490823028267,2,Benign|Infilteration,2
12191037722073712086,2,Benign|Infilteration,2
12196723534148617516,2,Benign|Infilteration,2
12198340383211036789,2,Benign|Infilteration,2
12202339031050773162,2,Benign|Infilteration,2
12205979723910167340,2,Benign|Infilteration,2
12208854500169108810,2,Benign|Infilteration,2
12209174869967086375,2,Benign|Infilteration,2
12211786868312258304,2,Benign|Infilteration,2
12212468804856980038,2,Benign|Infilteration,2
12220276380864839327,2,Benign|Infilteration,2
12224023636648040257,2,Benign|Infilteration,2
12229766687347186035,2,Benign|Infilteration,2
12237278484221625648,2,Benign|Infilteration,2
12238099226759937828,2,Benign|Infilteration,2
12238285065543549544,2,Benign|Infilteration,2
12243331964264992469,2,Benign|Infilteration,2
12243392905685431955,2,Benign|Infilteration,2
12243873524036536176,2,Benign|Infilteration,2
12244476851391488220,2,Benign|Infilteration,2
12249773495933194773,2,Benign|Infilteration,2
12252170760073749458,2,Benign|Infilteration,2
12255257672753237304,2,Benign|Infilteration,2
12257263135663525596,2,Benign|Infilteration,2
12258884730479357278,2,Benign|Infilteration,2
12264897981653448647,2,Benign|Infilteration,2
12266418585609919361,2,Benign|Infilteration,2
12274605089678738064,2,Benign|Infilteration,2
12274981185180918096,2,Benign|Infilteration,2
12275219951834074704,2,Benign|Infilteration,2
12277542594662087964,2,Benign|Infilteration,2
12277929628536289010,2,Benign|Infilteration,2
12278530117009718122,2,Benign|Infilteration,2
12281058963908649520,2,Benign|Infilteration,2
12289204286199193096,2,Benign|Infilteration,2
12290862325040724148,2,Benign|Infilteration,2
12293684106355867424,2,Benign|Infilteration,2
12294419613551065304,2,Benign|Infilteration,2
12300208162190915688,2,Benign|Infilteration,2
12319228131203762396,2,Benign|Infilteration,2
12324578739047558229,2,Benign|Infilteration,2
12329574719529416358,2,Benign|Infilteration,2
12330549494757280302,2,Benign|Infilteration,2
12331546074217573830,2,Benign|Infilteration,2
12334194266428820614,2,Benign|Infilteration,2
12336886688185616313,2,Benign|Infilteration,2
12340761189592789402,2,Benign|Infilteration,2
12342697593538006840,2,Benign|Infilteration,2
12343208994562767643,2,Benign|Infilteration,2
12346544188256468010,2,Benign|Infilteration,2
12351354571956083405,2,Benign|Infilteration,2
12358410169625505993,2,Benign|Infilteration,2
12358567897532296866,2,Benign|Infilteration,2
12359144075014999713,2,Benign|Infilteration,2
12364633516558428431,2,Benign|Infilteration,2
12386429570065926983,2,Benign|Infilteration,2
12387414366250121618,2,Benign|Infilteration,2
12390394916346490084,2,Benign|Infilteration,2
12393169969351613866,2,Benign|Infilteration,2
12393314300438095505,2,Benign|Infilteration,2
12395536753486233093,2,Benign|Infilteration,2
12396187766757337623,2,Benign|Infilteration,2
12400355911716962055,2,Benign|Infilteration,2
12401667628006976722,2,Benign|Infilteration,2
12413611039145576684,2,Benign|Infilteration,2
12414652482793747078,2,Benign|Infilteration,2
12414955368253411888,2,Benign|Infilteration,2
12415478895258062358,2,Benign|Infilteration,2
12416291618010037775,2,Benign|Infilteration,2
12417551685737530083,2,Benign|Infilteration,2
12418534696851356252,2,Benign|Infilteration,2
12420049746870930309,2,Benign|Infilteration,2
12421492918423671526,2,Benign|Infilteration,2
12422400841329460843,2,Benign|Infilteration,2
12431065676736038697,2,Benign|Infilteration,2
12435263156462227711,2,Benign|Infilteration,2
12437119110282374627,2,Benign|Infilteration,2
12446474759080804218,2,Benign|Infilteration,2
12448249736384133825,2,Benign|Infilteration,2
12450562814602075813,2,Benign|Infilteration,2
12454325481528002091,2,Benign|Infilteration,2
12460451408656719381,2,Benign|Infilteration,2
12466200633536627218,2,Benign|Infilteration,2
12466678814597859828,2,Benign|Infilteration,2
12468878673185267102,2,Benign|Infilteration,2
12469546007528117430,2,Benign|Infilteration,2
12481416501905259415,2,Benign|Infilteration,2
12482760789446150541,2,Benign|Infilteration,2
12485270183153775307,2,Benign|Infilteration,2
12486617419308193696,2,Benign|Infilteration,2
12488327809451805587,2,Benign|Infilteration,2
12491193767925359874,2,Benign|Infilteration,2
12492797015751035204,2,Benign|Infilteration,2
12495728425961565059,2,Benign|Infilteration,2
12497570134395585978,2,Benign|Infilteration,2
12498393339368931996,2,Benign|Infilteration,2
12501225519236231737,2,Benign|Infilteration,2
12513172313370948019,2,Benign|Infilteration,2
12515317128785345287,2,Benign|Infilteration,2
12517546080642050329,2,Benign|Infilteration,2
12526683504217562433,2,Benign|Infilteration,2
12530738712314185709,2,Benign|Infilteration,2
12531494397753920356,2,Benign|Infilteration,2
12534325711480603528,2,Benign|Infilteration,2
12535525698675402108,2,Benign|Infilteration,2
12538628138629203293,2,Benign|Infilteration,2
12540958757179366907,2,Benign|Infilteration,2
12543884865277778367,2,Benign|Infilteration,2
12544103697054968004,2,Benign|Infilteration,2
12549568180094102332,2,Benign|Infilteration,2
12551182283374310371,2,Benign|Infilteration,2
12553214012188383787,2,Benign|Infilteration,2
12559644900729514317,2,Benign|Infilteration,2
12562464095076712248,2,Benign|Infilteration,2
12564739028314930649,2,Benign|Infilteration,2
12565904805966394049,2,Benign|Infilteration,2
12571378863258229147,2,Benign|Infilteration,2
12571632952422710679,2,Benign|Infilteration,2
12572414940331633768,2,Benign|Infilteration,2
12574308464209677258,2,Benign|Infilteration,2
12576090098773854435,2,Benign|Infilteration,2
12577422244113092601,2,Benign|Infilteration,2
12578856729027218517,2,Benign|Infilteration,2
12580861258949274172,2,Benign|Infilteration,2
12584952444761447248,2,Benign|Infilteration,2
12593139294383451595,2,Benign|Infilteration,2
12593172791846226555,2,Benign|Infilteration,2
12596501064982539660,2,Benign|Infilteration,2
12605483012227328134,2,Benign|Infilteration,2
12608454440706618008,2,Benign|Infilteration,2
12613383339963525709,2,Benign|Infilteration,2
12621299039031044265,2,Benign|Infilteration,2
12624590507924678624,2,Benign|Infilteration,2
12629255229128171922,2,Benign|Infilteration,2
12629331729208962110,2,Benign|Infilteration,2
12634959363130787872,2,Benign|Infilteration,2
12635212312719876356,2,Benign|Infilteration,2
12636570135175890767,2,Benign|Infilteration,2
12650843654594083918,2,Benign|Infilteration,2
12653760298836660625,2,Benign|Infilteration,2
12654053811371080142,2,Benign|Infilteration,2
12655118048109069566,2,Benign|Infilteration,2
12655242463834183093,2,Benign|Infilteration,2
12655610610766924105,2,Benign|Infilteration,2
12659429964605118559,2,Benign|Infilteration,2
12661853062658036685,2,Benign|Infilteration,2
12662305087754501038,2,Benign|Infilteration,2
12670902127613031598,2,Benign|Infilteration,2
12672139682813788540,2,Benign|Infilteration,2
12673527997694927972,2,Benign|Infilteration,2
12673884857680995242,2,Benign|Infilteration,2
12675357399695960067,2,Benign|Infilteration,2
12681931894931365934,2,Benign|Infilteration,2
12682203082592750491,2,Benign|Infilteration,2
12685993313426098198,2,Benign|Infilteration,2
12686117483102423394,2,Benign|Infilteration,2
12691196899499994449,2,Benign|Infilteration,2
12697146025895720994,2,Benign|Infilteration,2
12698318464256923727,2,Benign|Infilteration,2
12699671540886141925,2,Benign|Infilteration,2
12707767795285675150,2,Benign|Infilteration,2
12715494981850667647,2,Benign|Infilteration,2
12720713577967478048,2,Benign|Infilteration,2
12723444833140843856,2,Benign|Infilteration,2
12725545379595084190,2,Benign|Infilteration,2
12729710000482716244,2,Benign|Infilteration,2
12730181670775812982,2,Benign|Infilteration,2
12732045240149952182,2,Benign|Infilteration,2
12733869708822349698,2,Benign|Infilteration,2
12736982325814679097,2,Benign|Infilteration,2
12739095349271802535,2,Benign|Infilteration,2
12739513338665990634,2,Benign|Infilteration,2
12749907987253698648,2,Benign|Infilteration,2
12752291603814495965,2,Benign|Infilteration,2
12770257941743050943,2,Benign|Infilteration,2
12777050905971754224,2,Benign|Infilteration,2
12779265019653391077,2,Benign|Infilteration,2
12782814897445302223,2,Benign|Infilteration,2
12788041122837193568,2,Benign|Infilteration,2
12791447290310636773,2,Benign|Infilteration,2
12812438899377381306,2,Benign|Infilteration,2
12813168159019541805,2,Benign|Infilteration,2
12813912134064779375,2,Benign|Infilteration,2
12814466771352336963,2,Benign|Infilteration,2
12822696341221025515,2,Benign|Infilteration,2
12823095112768139005,2,Benign|Infilteration,2
12826693998923157352,2,Benign|Infilteration,2
12827641973910694147,2,Benign|Infilteration,2
12828911981084061214,2,Benign|Infilteration,2
12837725876661630893,2,Benign|Infilteration,2
12839163241199223572,2,Benign|Infilteration,2
12839934561114627233,2,Benign|Infilteration,2
12841154036075118960,2,Benign|Infilteration,2
12841646362227111324,2,Benign|Infilteration,2
12843794108758687172,2,Benign|Infilteration,2
12847493256351488349,2,Benign|Infilteration,2
12849840625106604304,2,Benign|Infilteration,2
12851010284783467222,2,Benign|Infilteration,2
12852398268565208643,2,Benign|Infilteration,2
12854777709065356389,2,Benign|Infilteration,2
12858002794256068857,2,Benign|Infilteration,2
12860431427100488268,2,Benign|Infilteration,2
12869214814697914434,2,Benign|Infilteration,2
12869400400761971322,2,Benign|Infilteration,2
12870855172754307957,2,Benign|Infilteration,2
12875679558343732185,2,Benign|Infilteration,2
12880687277789884026,2,Benign|Infilteration,2
12884963781217766701,2,Benign|Infilteration,2
12885180736937614274,2,Benign|Infilteration,2
12886410214366625028,2,Benign|Infilteration,2
12887261222984126360,2,Benign|Infilteration,2
12889595422883525307,2,Benign|Infilteration,2
12893384887023812822,2,Benign|Infilteration,2
12893791861702640789,2,Benign|Infilteration,2
12897408134105766086,2,Benign|Infilteration,2
12922319493742009072,2,Benign|Infilteration,2
12923178219627913876,2,Benign|Infilteration,2
12930900344017466321,2,Benign|Infilteration,2
12933370498007572130,2,Benign|Infilteration,2
12940016441411425780,2,Benign|Infilteration,2
12941124160373511532,2,Benign|Infilteration,2
12943946611148426593,2,Benign|Infilteration,2
12949277131408329096,2,Benign|Infilteration,2
12952674130643955550,2,Benign|Infilteration,2
12953660097788090468,2,Benign|Infilteration,2
12955299377770335239,2,Benign|Infilteration,2
12958123674657742773,2,Benign|Infilteration,2
12959713896737855970,2,Benign|Infilteration,2
12962484709425919865,2,Benign|Infilteration,2
12972208488884003551,2,Benign|Infilteration,2
12974179724171528892,2,Benign|Infilteration,2
12974373355215858786,2,Benign|Infilteration,2
12975049181932821626,2,Benign|Infilteration,2
12980164745215294875,2,Benign|Infilteration,2
12986254170114910306,2,Benign|Infilteration,2
12986311367194819983,2,Benign|Infilteration,2
12990252494146907250,2,Benign|Infilteration,2
12992826287252210716,2,Benign|Infilteration,2
12999156742695272015,2,Benign|Infilteration,2
13000796578618293772,2,Benign|Infilteration,2
13001968100279230816,2,Benign|Infilteration,2
13007437889579459311,2,Benign|Infilteration,2
13012249290679150321,2,Benign|Infilteration,2
13013924646872669851,2,Benign|Infilteration,2
13015917561978582728,2,Benign|Infilteration,2
13023963099695957643,2,Benign|Infilteration,2
13026214999358507190,2,Benign|Infilteration,2
13027054567589684547,2,Benign|Infilteration,2
13034663369921895733,2,Benign|Infilteration,2
13037567338611616109,2,Benign|Infilteration,2
13043282715680162750,2,Benign|Infilteration,2
13046854308898640585,2,Benign|Infilteration,2
13047574858186803303,2,Benign|Infilteration,2
13049863064788508987,2,Benign|Infilteration,2
13052873093411626286,2,Benign|Infilteration,2
13053388256986881587,2,Benign|Infilteration,2
13055620825516020729,2,Benign|Infilteration,2
13056347732087502007,2,Benign|Infilteration,2
13057447878756505196,2,Benign|Infilteration,2
13058035619124986549,2,Benign|Infilteration,2
13059844762708992904,2,Benign|Infilteration,2
13060124024580707041,2,Benign|Infilteration,2
13060864872991246139,2,Benign|Infilteration,2
13064544249269332503,2,Benign|Infilteration,2
13067953720112933640,2,Benign|Infilteration,2
13070786580243671583,2,Benign|Infilteration,2
13074342143295066353,2,Benign|Infilteration,2
13082308678262495648,2,Benign|Infilteration,2
13088726851958103841,2,Benign|Infilteration,2
13090713486970768206,2,Benign|Infilteration,2
13091566285233506728,2,Benign|Infilteration,2
13092427171732268204,2,Benign|Infilteration,2
13095935723639686618,2,Benign|Infilteration,2
13099226087091980430,2,Benign|Infilteration,2
13099294731807485787,2,Benign|Infilteration,2
13103490488558569279,2,Benign|Infilteration,2
13104850385496175944,2,Benign|Infilteration,2
13104906831569417465,2,Benign|Infilteration,2
13104996742250165765,2,Benign|Infilteration,2
13105198902724762456,2,Benign|Infilteration,2
13111615175189327539,2,Benign|Infilteration,2
13112103767851659307,2,Benign|Infilteration,2
13112822883315276784,2,Benign|Infilteration,2
13117469939907271481,2,Benign|Infilteration,2
13124049278252895213,2,Benign|Infilteration,2
13136805258776330155,2,Benign|Infilteration,2
13141216958665779581,2,Benign|Infilteration,2
13144283762000294013,2,Benign|Infilteration,2
13151246623327234685,2,Benign|Infilteration,2
13151762777915444472,2,Benign|Infilteration,2
13152260157765992840,2,Benign|Infilteration,2
13154510075402718744,2,Benign|Infilteration,2
13157018284443805115,2,Benign|Infilteration,2
13157105309568360708,2,Benign|Infilteration,2
13159308046386648919,2,Benign|Infilteration,2
13159402942518833249,2,Benign|Infilteration,2
13161188162597302978,2,Benign|Infilteration,2
13165613215010475877,2,Benign|Infilteration,2
13167150162593459908,2,Benign|Infilteration,2
13167412298704747731,2,Benign|Infilteration,2
13169683686959743430,2,Benign|Infilteration,2
13170577845303624519,2,Benign|Infilteration,2
13174404544818201206,2,Benign|Infilteration,2
13174778954632792926,2,Benign|Infilteration,2
13175168798752624814,2,Benign|Infilteration,2
13177587381505940703,2,Benign|Infilteration,2
13178838340234162396,2,Benign|Infilteration,2
13182956022438467872,2,Benign|Infilteration,2
13190894560374169045,2,Benign|Infilteration,2
13194497587129865477,2,Benign|Infilteration,2
13195437513781580031,2,Benign|Infilteration,2
13198799917838389349,2,Benign|Infilteration,2
13199891965017534627,2,Benign|Infilteration,2
13200073663028328219,2,Benign|Infilteration,2
13202976815943799100,2,Benign|Infilteration,2
13204097496357343050,2,Benign|Infilteration,2
13206484496888197846,2,Benign|Infilteration,2
13208501380274440278,2,Benign|Infilteration,2
13213962428074991399,2,Benign|Infilteration,2
13214272557883688516,2,Benign|Infilteration,2
13215231770823553746,2,Benign|Infilteration,2
13223012297606179963,2,Benign|Infilteration,2
13223396135980935160,2,Benign|Infilteration,2
13223441487132893981,2,Benign|Infilteration,2
13225247043216675373,2,Benign|Infilteration,2
13229099923124722089,2,Benign|Infilteration,2
13230137271016455890,2,Benign|Infilteration,2
13231930522516568312,2,Benign|Infilteration,2
13232967487870603488,2,Benign|Infilteration,2
13238484199492103164,2,Benign|Infilteration,2
13241219560866741414,2,Benign|Infilteration,2
13245556038352196139,2,Benign|Infilteration,2
13248803778483975524,2,Benign|Infilteration,2
13250391446110236339,2,Benign|Infilteration,2
13257640815980184746,2,Benign|Infilteration,2
13262173842547094131,2,Benign|Infilteration,2
13264690766022167588,2,Benign|Infilteration,2
13267452842861993806,2,Benign|Infilteration,2
13271290743272303486,2,Benign|Infilteration,2
13273785233779637887,2,Benign|Infilteration,2
13275887061199906516,2,Benign|Infilteration,2
13282968078407818216,2,Benign|Infilteration,2
13283939792214081564,2,Benign|Infilteration,2
13286270128662204728,2,Benign|Infilteration,2
13288598602849614158,2,Benign|Infilteration,2
13290351513640345144,2,Benign|Infilteration,2
13296055842236901193,2,Benign|Infilteration,2
13296067002067928748,2,Benign|Infilteration,2
13298027134100939310,2,Benign|Infilteration,2
13302599190874069996,2,Benign|Infilteration,2
13303928584063684593,2,Benign|Infilteration,2
13304534443226183524,2,Benign|Infilteration,2
13308947087684957851,2,Benign|Infilteration,2
13312808114911785816,2,Benign|Infilteration,2
13313435225607432229,2,Benign|Infilteration,2
13316407035342545949,2,Benign|Infilteration,2
13316583302811530629,2,Benign|Infilteration,2
13317109451964504061,2,Benign|Infilteration,2
13330189953129273311,2,Benign|Infilteration,2
13332515228442340843,2,Benign|Infilteration,2
13335730023649848222,2,Benign|Infilteration,2
13336120420773604612,2,Benign|Infilteration,2
13337483490471514702,2,Benign|Infilteration,2
13344942831207063155,2,Benign|Infilteration,2
13349123803520717302,2,Benign|Infilteration,2
13352470229395999480,2,Benign|Infilteration,2
13360273219345134048,2,Benign|Infilteration,2
13360617674241370959,2,Benign|Infilteration,2
13361690889709779253,2,Benign|Infilteration,2
13364011469979032608,2,Benign|Infilteration,2
13371175427904660872,2,Benign|Infilteration,2
13371601696433419444,2,Benign|Infilteration,2
13373309444571618448,2,Benign|Infilteration,2
13373433246154374075,2,Benign|Infilteration,2
13373931594367235227,2,Benign|Infilteration,2
13377142370228377712,2,Benign|Infilteration,2
13388520444729240031,2,Benign|Infilteration,2
13388806105162088832,2,Benign|Infilteration,2
13390771437790407651,2,Benign|Infilteration,2
13391049975694493348,2,Benign|Infilteration,2
13391605740894918593,2,Benign|Infilteration,2
13399310557059286269,2,Benign|Infilteration,2
13405019194940271654,2,Benign|Infilteration,2
13410041387526387947,2,Benign|Infilteration,2
13411056634772877610,2,Benign|Infilteration,2
13413533758513364258,2,Benign|Infilteration,2
13417460339524946826,2,Benign|Infilteration,2
13418553756940107744,2,Benign|Infilteration,2
13422671569396199399,2,Benign|Infilteration,2
13422955906002537478,2,Benign|Infilteration,2
13433194064660105652,2,Benign|Infilteration,2
13435138621340718161,2,Benign|Infilteration,2
13435681660559946661,2,Benign|Infilteration,2
13441303205719496122,2,Benign|Infilteration,2
13442003762804174287,2,Benign|Infilteration,2
13442586312408598944,2,Benign|Infilteration,2
13445066831644490683,2,Benign|Infilteration,2
13456250113992582451,2,Benign|Infilteration,2
13457519040119860062,2,Benign|Infilteration,2
13458221219027960065,2,Benign|Infilteration,2
13461824646010949330,2,Benign|Infilteration,2
13464075049324423404,2,Benign|Infilteration,2
13466159930795391533,2,Benign|Infilteration,2
13467912820623681191,2,Benign|Infilteration,2
13469623194278601084,2,Benign|Infilteration,2
13470277794898828502,2,Benign|Infilteration,2
13470821629336389298,2,Benign|Infilteration,2
13471532529836522150,2,Benign|Infilteration,2
13474994962090510273,2,Benign|Infilteration,2
13478014536357519625,2,Benign|Infilteration,2
13478301573840775716,2,Benign|Infilteration,2
13481104157579498155,2,Benign|Infilteration,2
13489816773061076757,2,Benign|Infilteration,2
13491994853905941397,2,Benign|Infilteration,2
13492054728406305858,2,Benign|Infilteration,2
13492358206183625854,2,Benign|Infilteration,2
13493504284158447508,2,Benign|Infilteration,2
13494792416189651211,2,Benign|Infilteration,2
13498019946296212020,2,Benign|Infilteration,2
13502969373817804610,2,Benign|Infilteration,2
13504256232070066783,2,Benign|Infilteration,2
13505022136980048462,2,Benign|Infilteration,2
13505198954603186717,2,Benign|Infilteration,2
13506323294586376164,2,Benign|Infilteration,2
13511313393732667062,2,Benign|Infilteration,2
13514036912298733868,2,Benign|Infilteration,2
13515136998945693455,2,Benign|Infilteration,2
13515713883811938894,2,Benign|Infilteration,2
13519453050624400441,2,Benign|Infilteration,2
13528865663483630608,2,Benign|Infilteration,2
13529088061693330666,2,Benign|Infilteration,2
13529938615954747844,2,Benign|Infilteration,2
13531816263168713171,2,Benign|Infilteration,2
13533426664601049723,2,Benign|Infilteration,2
13533798836718006743,2,Benign|Infilteration,2
13534903423472506817,2,Benign|Infilteration,2
13537218190686708481,2,Benign|Infilteration,2
13545255637971022742,2,Benign|Infilteration,2
13551774988838509660,2,Benign|Infilteration,2
13561634696997690233,2,Benign|Infilteration,2
13567157416185665469,2,Benign|Infilteration,2
13567821870644492293,2,Benign|Infilteration,2
13568955555463198957,2,Benign|Infilteration,2
13571198221789773321,2,Benign|Infilteration,2
13571876996818243663,2,Benign|Infilteration,2
13573877064603830878,2,Benign|Infilteration,2
13577688188131129917,2,Benign|Infilteration,2
13597205047024401240,2,Benign|Infilteration,2
13599483708474704276,2,Benign|Infilteration,2
13601459486352490798,2,Benign|Infilteration,2
13602523106768136080,2,Benign|Infilteration,2
13605402704863753367,2,Benign|Infilteration,2
13607441797727966358,2,Benign|Infilteration,2
13611310346572230496,2,Benign|Infilteration,2
13612336280138686897,2,Benign|Infilteration,2
13616114357878912799,2,Benign|Infilteration,2
13620279199478958731,2,Benign|Infilteration,2
13621515831628025340,2,Benign|Infilteration,2
13623390822376335523,2,Benign|Infilteration,2
13632211679029607475,2,Benign|Infilteration,2
13632641502468751417,2,Benign|Infilteration,2
13635814960187711003,2,Benign|Infilteration,2
13638470302395785681,2,Benign|Infilteration,2
13638476463575685744,2,Benign|Infilteration,2
13638651738503437398,2,Benign|Infilteration,2
13645018484178763781,2,Benign|Infilteration,2
13645422292587975161,2,Benign|Infilteration,2
13649042438695379994,2,Benign|Infilteration,2
13652211566748561502,2,Benign|Infilteration,2
13655485803526472153,2,Benign|Infilteration,2
13658697773048679984,2,Benign|Infilteration,2
13659685806270698006,2,Benign|Infilteration,2
13661735401404867583,2,Benign|Infilteration,2
13667532254331627474,2,Benign|Infilteration,2
13672625740582866642,2,Benign|Infilteration,2
13674164391842730052,2,Benign|Infilteration,2
13674343874226925672,2,Benign|Infilteration,2
13675208713669368708,2,Benign|Infilteration,2
13677215828493456299,2,Benign|Infilteration,2
13685089122603106453,2,Benign|Infilteration,2
13688737553794108380,2,Benign|Infilteration,2
13693413250318145654,2,Benign|Infilteration,2
13694357649332114431,2,Benign|Infilteration,2
13695790027730487020,2,Benign|Infilteration,2
13696179990569337102,2,Benign|Infilteration,2
13699617854353484468,2,Benign|Infilteration,2
13701340165520024579,2,Benign|Infilteration,2
13704597886962450919,2,Benign|Infilteration,2
13711798931103734961,2,Benign|Infilteration,2
13714126474453561062,2,Benign|Infilteration,2
13714532737553249129,2,Benign|Infilteration,2
13715454897057144282,2,Benign|Infilteration,2
13718214012290599434,2,Benign|Infilteration,2
13719260111174087270,2,Benign|Infilteration,2
13722058504279746904,2,Benign|Infilteration,2
13725085932946620015,2,Benign|Infilteration,2
13734317522181618441,2,Benign|Infilteration,2
13734707512487887116,2,Benign|Infilteration,2
13738222401263781611,2,Benign|Infilteration,2
13741917889207494677,2,Benign|Infilteration,2
13747299294280359992,2,Benign|Infilteration,2
13747550782386206720,2,Benign|Infilteration,2
13747937086127304109,2,Benign|Infilteration,2
13753321877636558835,2,Benign|Infilteration,2
13753336433416273964,2,Benign|Infilteration,2
13755501520595682191,2,Benign|Infilteration,2
13758208283521918272,2,Benign|Infilteration,2
13768652256195166122,2,Benign|Infilteration,2
13776208410760644805,2,Benign|Infilteration,2
13776994012688426582,2,Benign|Infilteration,2
13779321366158065498,2,Benign|Infilteration,2
13783580061628510317,2,Benign|Infilteration,2
13787054095758837812,2,Benign|Infilteration,2
13789159210878427744,2,Benign|Infilteration,2
13796382939031259078,2,Benign|Infilteration,2
13797097880044380120,2,Benign|Infilteration,2
13797442642642784977,2,Benign|Infilteration,2
13797808413712258581,2,Benign|Infilteration,2
13797959724103846648,2,Benign|Infilteration,2
13800926252779250302,2,Benign|Infilteration,2
13802389128317995502,2,Benign|Infilteration,2
13804210443324766974,2,Benign|Infilteration,2
13808431886664904185,2,Benign|Infilteration,2
13810508180570577771,2,Benign|Infilteration,2
13813427915122196757,2,Benign|Infilteration,2
13814320624206434376,2,Benign|Infilteration,2
13815486765269331174,2,Benign|Infilteration,2
13816723117382396393,2,Benign|Infilteration,2
13816869846374091544,2,Benign|Infilteration,2
13822707712836467713,2,Benign|Infilteration,2
13825798701332852640,2,Benign|Infilteration,2
13828544131849177782,2,Benign|Infilteration,2
13830531677106618457,2,Benign|Infilteration,2
13830568638363201222,2,Benign|Infilteration,2
13832345368256650880,2,Benign|Infilteration,2
13834787226703973017,2,Benign|Infilteration,2
13835046132016863994,2,Benign|Infilteration,2
13838884419552733858,2,Benign|Infilteration,2
13843932413095964583,2,Benign|Infilteration,2
13844723992014364242,2,Benign|Infilteration,2
13845234918787691122,2,Benign|Infilteration,2
13845561931983067688,2,Benign|Infilteration,2
13846653251857972588,2,Benign|Infilteration,2
13847122919557331298,2,Benign|Infilteration,2
13850147748213737330,2,Benign|Infilteration,2
13855601495886098377,2,Benign|Infilteration,2
13855902928002646220,2,Benign|Infilteration,2
13857723705354805784,2,Benign|Infilteration,2
13859232511990317885,2,Benign|Infilteration,2
13860023597744253746,2,Benign|Infilteration,2
13867410082648934567,2,Benign|Infilteration,2
13873708024655627747,2,Benign|Infilteration,2
13875043984920549420,2,Benign|Infilteration,2
13875957674215420693,2,Benign|Infilteration,2
13879765273197773011,2,Benign|Infilteration,2
13886642725312874709,2,Benign|Infilteration,2
13894132069308246413,2,Benign|Infilteration,2
13900050506784623877,2,Benign|Infilteration,2
13902579577334084113,2,Benign|Infilteration,2
13909809695097889385,2,Benign|Infilteration,2
13910824506111238187,2,Benign|Infilteration,2
13911076859395407325,2,Benign|Infilteration,2
13922479205323704197,2,Benign|Infilteration,2
13924836405084176606,2,Benign|Infilteration,2
13930958674838090931,2,Benign|Infilteration,2
13935679553603550939,2,Benign|Infilteration,2
13937435535367726895,2,Benign|Infilteration,2
13940114903745876657,2,Benign|Infilteration,2
13942241765501313007,2,Benign|Infilteration,2
13943286117168965390,2,Benign|Infilteration,2
13943544227390663994,2,Benign|Infilteration,2
13944592434208045990,2,Benign|Infilteration,2
13945107448454237616,2,Benign|Infilteration,2
13950985310097175318,2,Benign|Infilteration,2
13952200007354022395,2,Benign|Infilteration,2
13952296208706830868,2,Benign|Infilteration,2
13955208827669038402,2,Benign|Infilteration,2
13957652226336203231,2,Benign|Infilteration,2
13958027740918924500,2,Benign|Infilteration,2
13961154159634416901,2,Benign|Infilteration,2
13963850836220697252,2,Benign|Infilteration,2
13965699943838810266,2,Benign|Infilteration,2
13973567952787174196,2,Benign|Infilteration,2
13975154364622683708,2,Benign|Infilteration,2
13976525210738392288,2,Benign|Infilteration,2
13977903802785836321,2,Benign|Infilteration,2
13977915214430861740,2,Benign|Infilteration,2
13977973713193987701,2,Benign|Infilteration,2
13978361939933358515,2,Benign|Infilteration,2
13984270639269785696,2,Benign|Infilteration,2
13985261542417992166,2,Benign|Infilteration,2
13987542159776305885,2,Benign|Infilteration,2
13992438099031461297,2,Benign|Infilteration,2
13993766936424287626,2,Benign|Infilteration,2
13995190578350621433,2,Benign|Infilteration,2
13999635788490288836,2,Benign|Infilteration,2
14000081332392512694,2,Benign|Infilteration,2
14003318192419349359,2,Benign|Infilteration,2
14006746056934933423,2,Benign|Infilteration,2
14006749115484040409,2,Benign|Infilteration,2
14011349620354325632,2,Benign|Infilteration,2
14013902905795907162,2,Benign|Infilteration,2
14020264341893610720,2,Benign|Infilteration,2
14021623538154466562,2,Benign|Infilteration,2
14021743302889314458,2,Benign|Infilteration,2
14022113868311865551,2,Benign|Infilteration,2
14023124828204985056,2,Benign|Infilteration,2
14028687249108389476,2,Benign|Infilteration,2
14036433835975129879,2,Benign|Infilteration,2
14036618317770876347,2,Benign|Infilteration,2
14043252793852972277,2,Benign|Infilteration,2
14044288263904137743,2,Benign|Infilteration,2
14044811144759395598,2,Benign|Infilteration,2
14047254758277465592,2,Benign|Infilteration,2
14047438784675867112,2,Benign|Infilteration,2
14051739361973807465,2,Benign|Infilteration,2
14059931829249927434,2,Benign|Infilteration,2
14060861978167718748,2,Benign|Infilteration,2
14064907562901510742,2,Benign|Infilteration,2
14065417654403963255,2,Benign|Infilteration,2
14070407891476455770,2,Benign|Infilteration,2
14074219982551557290,2,Benign|Infilteration,2
14077413454475979273,2,Benign|Infilteration,2
14082124307629057950,2,Benign|Infilteration,2
14083635151230527389,2,Benign|Infilteration,2
14084471687785507366,2,Benign|Infilteration,2
14085163667018044722,2,Benign|Infilteration,2
14090913859987509545,2,Benign|Infilteration,2
14091219480018974471,2,Benign|Infilteration,2
14091958817631522838,2,Benign|Infilteration,2
14093461978935669261,2,Benign|Infilteration,2
14095905908470335192,2,Benign|Infilteration,2
14096158700324382541,2,Benign|Infilteration,2
14098980256155550553,2,Benign|Infilteration,2
14099985313285864176,2,Benign|Infilteration,2
14103108011412297708,2,Benign|Infilteration,2
14112394605814702118,2,Benign|Infilteration,2
14120480321479804525,2,Benign|Infilteration,2
14128014812190635284,2,Benign|Infilteration,2
14129848778439822578,2,Benign|Infilteration,2
14130892361326870010,2,Benign|Infilteration,2
14131417340521320250,2,Benign|Infilteration,2
14138113404477291643,2,Benign|Infilteration,2
14139608698765199460,2,Benign|Infilteration,2
14144088743013474731,2,Benign|Infilteration,2
14145380892442701613,2,Benign|Infilteration,2
14148958444169568522,2,Benign|Infilteration,2
14150890076332201655,2,Benign|Infilteration,2
14160138817790063918,2,Benign|Infilteration,2
14161846881167064994,2,Benign|Infilteration,2
14166807892872293652,2,Benign|Infilteration,2
14172691278148755275,2,Benign|Infilteration,2
14178995613571599707,2,Benign|Infilteration,2
14179645882042049690,2,Benign|Infilteration,2
14180037029183182194,2,Benign|Infilteration,2
14180353599854916587,2,Benign|Infilteration,2
14180358879048423679,2,Benign|Infilteration,2
14180556572984188683,2,Benign|Infilteration,2
14181173536232163896,2,Benign|Infilteration,2
14182974811927624180,2,Benign|Infilteration,2
14183011015345449804,2,Benign|Infilteration,2
14184770270099010205,2,Benign|Infilteration,2
14189319989000079362,2,Benign|Infilteration,2
14190771430037917251,2,Benign|Infilteration,2
14192070484328867293,2,Benign|Infilteration,2
14192306970562746136,2,Benign|Infilteration,2
14194207170379782715,2,Benign|Infilteration,2
14194814200578723998,2,Benign|Infilteration,2
14198396439222118031,2,Benign|Infilteration,2
14201352514861621232,2,Benign|Infilteration,2
14202867009449318620,2,Benign|Infilteration,2
14203703290680138183,2,Benign|Infilteration,2
14209273181804691421,2,Benign|Infilteration,2
14209315449825319783,2,Benign|Infilteration,2
14209619168289504471,2,Benign|Infilteration,2
14214451656127902715,2,Benign|Infilteration,2
14217135719850984414,2,Benign|Infilteration,2
14219468545270763847,2,Benign|Infilteration,2
14223148175712494988,2,Benign|Infilteration,2
14223703931878665284,2,Benign|Infilteration,2
14224634832073076136,2,Benign|Infilteration,2
14225712584999043874,2,Benign|Infilteration,2
14225987510310472689,2,Benign|Infilteration,2
14232555580269995865,2,Benign|Infilteration,2
14236525394923823108,2,Benign|Infilteration,2
14237061567550496410,2,Benign|Infilteration,2
14248113566049695312,2,Benign|Infilteration,2
14254828914324925015,2,Benign|Infilteration,2
14258433128952236941,2,Benign|Infilteration,2
14258470824639752954,2,Benign|Infilteration,2
14262063239704978421,2,Benign|Infilteration,2
14263275114146073400,2,Benign|Infilteration,2
14265532625711455663,2,Benign|Infilteration,2
14265697400062273356,2,Benign|Infilteration,2
14265979001662952296,2,Benign|Infilteration,2
14274353351086892650,2,Benign|Infilteration,2
14276262271961402347,2,Benign|Infilteration,2
14281911713415934465,2,Benign|Infilteration,2
14284828424163246367,2,Benign|Infilteration,2
14288597105575926215,2,Benign|Infilteration,2
14298978717613355093,2,Benign|Infilteration,2
14304606783685599791,2,Benign|Infilteration,2
14304903880422801496,2,Benign|Infilteration,2
14309712262855635498,2,Benign|Infilteration,2
14313134569396724014,2,Benign|Infilteration,2
14313171600014908110,2,Benign|Infilteration,2
14320409458397156563,2,Benign|Infilteration,2
14326576135023560049,2,Benign|Infilteration,2
14327610627819579528,2,Benign|Infilteration,2
14328234249606838708,2,Benign|Infilteration,2
14329966673387096096,2,Benign|Infilteration,2
14331252966205629392,2,Benign|Infilteration,2
14338485788459960407,2,Benign|Infilteration,2
14340420694458310231,2,Benign|Infilteration,2
14340668554267962449,2,Benign|Infilteration,2
14355261215933814803,2,Benign|Infilteration,2
14357842683770810784,2,Benign|Infilteration,2
14365328230032491737,2,Benign|Infilteration,2
14369351584975319192,2,Benign|Infilteration,2
14369614605130245196,2,Benign|Infilteration,2
14371391902774539660,2,Benign|Infilteration,2
14372288912861054240,2,Benign|Infilteration,2
14374297782241634590,2,Benign|Infilteration,2
14377398052716221084,2,Benign|Infilteration,2
14381221960926148177,2,Benign|Infilteration,2
14382559380102129488,2,Benign|Infilteration,2
14389826080114084032,2,Benign|Infilteration,2
14396865290981497736,2,Benign|Infilteration,2
14399230155659281798,2,Benign|Infilteration,2
14399505897128062131,2,Benign|Infilteration,2
14399614018972489404,2,Benign|Infilteration,2
14400321908033120919,2,Benign|Infilteration,2
14402048863939507902,2,Benign|Infilteration,2
14403364845397167266,2,Benign|Infilteration,2
14409049968067523288,2,Benign|Infilteration,2
14409362494852896950,2,Benign|Infilteration,2
14409871943787206211,2,Benign|Infilteration,2
14412916207684374430,2,Benign|Infilteration,2
14412979590865517217,2,Benign|Infilteration,2
14417511509256041744,2,Benign|Infilteration,2
14419128348435262151,2,Benign|Infilteration,2
14430432348648456559,2,Benign|Infilteration,2
14432125518227178768,2,Benign|Infilteration,2
14438061670800343604,2,Benign|Infilteration,2
14438305250671307560,2,Benign|Infilteration,2
14440872923713113748,2,Benign|Infilteration,2
14442039477415178596,2,Benign|Infilteration,2
14442195373355977342,2,Benign|Infilteration,2
14444568673192421317,2,Benign|Infilteration,2
14447718930605099588,2,Benign|Infilteration,2
14453869600709864643,2,Benign|Infilteration,2
14456470630216821100,2,Benign|Infilteration,2
14460676049024199895,2,Benign|Infilteration,2
14464393811121472087,2,Benign|Infilteration,2
14470907981678651015,2,Benign|Infilteration,2
14478928987203652157,2,Benign|Infilteration,2
14490710907041194393,2,Benign|Infilteration,2
14497336823046770864,2,Benign|Infilteration,2
14500272602217939936,2,Benign|Infilteration,2
14502565675999254229,2,Benign|Infilteration,2
14503600303789955875,2,Benign|Infilteration,2
14505456555757571859,2,Benign|Infilteration,2
14509886870124339244,2,Benign|Infilteration,2
14510499696806692725,2,Benign|Infilteration,2
14515690899278601590,2,Benign|Infilteration,2
14516928996916156941,2,Benign|Infilteration,2
14521297271948480925,2,Benign|Infilteration,2
14521885131708319650,2,Benign|Infilteration,2
14523477727283735958,2,Benign|Infilteration,2
14524907467862875454,2,Benign|Infilteration,2
14525029308312486468,2,Benign|Infilteration,2
14527908406517298447,2,Benign|Infilteration,2
14540801175102829982,2,Benign|Infilteration,2
14542164758427392341,2,Benign|Infilteration,2
14544528246280011475,2,Benign|Infilteration,2
14544703176008323073,2,Benign|Infilteration,2
14546422046025296153,2,Benign|Infilteration,2
14547747842705577033,2,Benign|Infilteration,2
14548556380357777103,2,Benign|Infilteration,4
14552335738217609459,2,Benign|Infilteration,2
14557034791102511803,2,Benign|Infilteration,2
14567702970119117773,2,Benign|Infilteration,2
14569683163068113971,2,Benign|Infilteration,2
14571174113301675871,2,Benign|Infilteration,2
14572691821523980277,2,Benign|Infilteration,2
14579036291674397083,2,Benign|Infilteration,2
14579482095906005870,2,Benign|Infilteration,2
14581986064614721130,2,Benign|Infilteration,2
14591706719197015955,2,Benign|Infilteration,2
14593888922551944871,2,Benign|Infilteration,2
14597492264510880428,2,Benign|Infilteration,2
14600762416119278354,2,Benign|Infilteration,2
14601694680150191259,2,Benign|Infilteration,2
14604939359277650735,2,Benign|Infilteration,2
14608167272208041026,2,Benign|Infilteration,2
14610349915189914196,2,Benign|Infilteration,2
14611169908416756673,2,Benign|Infilteration,2
14615694177853620967,2,Benign|Infilteration,2
14620678178368010529,2,Benign|Infilteration,2
14625054437887083769,2,Benign|Infilteration,2
14627756050689242794,2,Benign|Infilteration,2
14628236930345689464,2,Benign|Infilteration,2
14630267151021412465,2,Benign|Infilteration,2
14632658078311428355,2,Benign|Infilteration,2
14632819259952671955,2,Benign|Infilteration,2
14636477178287523170,2,Benign|Infilteration,2
14639776883955028389,2,Benign|Infilteration,2
14639995208342011488,2,Benign|Infilteration,2
14645539189028341977,2,Benign|Infilteration,2
14650672570544488975,2,Benign|Infilteration,2
14653282274941916183,2,Benign|Infilteration,2
14653363054382613152,2,Benign|Infilteration,2
14655563195136329670,2,Benign|Infilteration,2
14656459713017417066,2,Benign|Infilteration,2
14661501324295216447,2,Benign|Infilteration,2
14662687159634754369,2,Benign|Infilteration,2
14666334782401505472,2,Benign|Infilteration,2
14673190955333368444,2,Benign|Infilteration,2
14686374115897503655,2,Benign|Infilteration,2
14686577222081630725,2,Benign|Infilteration,2
14689376206999990261,2,Benign|Infilteration,2
14691095310074317830,2,Benign|Infilteration,2
14692743597557659141,2,Benign|Infilteration,2
14701279456014568126,2,Benign|Infilteration,2
14706965380732825078,2,Benign|Infilteration,2
14712349084120698812,2,Benign|Infilteration,2
14714269903061925548,2,Benign|Infilteration,2
14715666568622160486,2,Benign|Infilteration,2
14723449270949708029,2,Benign|Infilteration,2
14738746683349247086,2,Benign|Infilteration,2
14740949487026588332,2,Benign|Infilteration,2
14749713315235679812,2,Benign|Infilteration,2
14759466953749572050,2,Benign|Infilteration,2
14760526770447116278,2,Benign|Infilteration,2
14762578602446169311,2,Benign|Infilteration,2
14764973956171098653,2,Benign|Infilteration,2
14767382648147078867,2,Benign|Infilteration,2
14769415605983263264,2,Benign|Infilteration,2
14776466815397392604,2,Benign|Infilteration,2
14778723152220304001,2,Benign|Infilteration,2
14781654225920664804,2,Benign|Infilteration,2
14785744952784362810,2,Benign|Infilteration,2
14789670848340235780,2,Benign|Infilteration,2
14790857612174782661,2,Benign|Infilteration,2
14796354029986171400,2,Benign|Infilteration,2
14804244103838256929,2,Benign|Infilteration,2
14806645676816874330,2,Benign|Infilteration,2
14806811933030043704,2,Benign|Infilteration,2
14812134989078323219,2,Benign|Infilteration,2
14813620520094171961,2,Benign|Infilteration,2
14813833049013784219,2,Benign|Infilteration,2
14814505360918919116,2,Benign|Infilteration,2
14823494331402564924,2,Benign|Infilteration,2
14825623612498353729,2,Benign|Infilteration,2
14827093131356875108,2,Benign|Infilteration,2
14832405319810335963,2,Benign|Infilteration,2
14832714460885330830,2,Benign|Infilteration,2
14834912754352806547,2,Benign|Infilteration,2
14835092199440415925,2,Benign|Infilteration,2
14835284741632175632,2,Benign|Infilteration,2
14836954602936181946,2,Benign|Infilteration,2
14837637285907905629,2,Benign|Infilteration,2
14855177861014191224,2,Benign|Infilteration,2
14855882817596676442,2,Benign|Infilteration,2
14856309758967325613,2,Benign|Infilteration,2
14857290342442683976,2,Benign|Infilteration,2
14866441758464828494,2,Benign|Infilteration,2
14869317195095367019,2,Benign|Infilteration,2
14869560865025942517,2,Benign|Infilteration,2
14869677680294270733,2,Benign|Infilteration,2
14870049704062720632,2,Benign|Infilteration,2
14872234653667920537,2,Benign|Infilteration,2
14875210340612043338,2,Benign|Infilteration,2
14884692578387172482,2,Benign|Infilteration,2
14887581126974680775,2,Benign|Infilteration,2
14888968212421256461,2,Benign|Infilteration,2
14892080672381471172,2,Benign|Infilteration,2
14896672338810531813,2,Benign|Infilteration,2
14897054747036160276,2,Benign|Infilteration,2
14899170160259915007,2,Benign|Infilteration,2
14901021237229285944,2,Benign|Infilteration,2
14902759941283379295,2,Benign|Infilteration,2
14905884220737776409,2,Benign|Infilteration,2
14909487822410603581,2,Benign|Infilteration,2
14920474270752223903,2,Benign|Infilteration,2
14920992196761560510,2,Benign|Infilteration,2
14924226046624427977,2,Benign|Infilteration,2
14924980986573791681,2,Benign|Infilteration,2
14925139528371895596,2,Benign|Infilteration,2
14926600202283162793,2,Benign|Infilteration,2
14929137057006152333,2,Benign|Infilteration,2
14931656639797099851,2,Benign|Infilteration,2
14931785814431159214,2,Benign|Infilteration,2
14932297135455593108,2,Benign|Infilteration,2
14932305571734817890,2,Benign|Infilteration,2
14942280740055624760,2,Benign|Infilteration,2
14944876780606020295,2,Benign|Infilteration,2
14945240005661001009,2,Benign|Infilteration,2
14945590496082047783,2,Benign|Infilteration,2
14946773784464708850,2,Benign|Infilteration,2
14955581299833399403,2,Benign|Infilteration,2
14957775988936163690,2,Benign|Infilteration,2
14964486768734195932,2,Benign|Infilteration,2
14964972030361131225,2,Benign|Infilteration,2
14965237450516499937,2,Benign|Infilteration,2
14967014930683004017,2,Benign|Infilteration,2
14968882949976585073,2,Benign|Infilteration,2
14970707522538725390,2,Benign|Infilteration,2
14972589622918500008,2,Benign|Infilteration,2
14977265266377894451,2,Benign|Infilteration,2
14986129843392140954,2,Benign|Infilteration,2
14987172218299861640,2,Benign|Infilteration,2
14989588569596543337,2,Benign|Infilteration,2
14990032223515593758,2,Benign|Infilteration,2
14993233984404905489,2,Benign|Infilteration,2
14994261004052536610,2,Benign|Infilteration,2
14996380612580708738,2,Benign|Infilteration,2
14999338503659589035,2,Benign|Infilteration,2
14999899000083820241,2,Benign|Infilteration,2
15000044781026016234,2,Benign|Infilteration,2
15001941183021406642,2,Benign|Infilteration,2
15004039196589924014,2,Benign|Infilteration,2
15005096247462294009,2,Benign|Infilteration,2
15007147660350907774,2,Benign|Infilteration,2
15010507367653508011,2,Benign|Infilteration,2
15014603127096796074,2,Benign|Infilteration,2
15014627174153759148,2,Benign|Infilteration,2
15018121642177860336,2,Benign|Infilteration,2
15019576646725409751,2,Benign|Infilteration,2
15023425969597204175,2,Benign|Infilteration,2
15024186689713094053,2,Benign|Infilteration,2
15027972486397723661,2,Benign|Infilteration,2
15028688775984399970,2,Benign|Infilteration,2
15029873312920543819,2,Benign|Infilteration,2
15032839012707394251,2,Benign|Infilteration,2
15034253494161145989,2,Benign|Infilteration,2
15036732040999871502,2,Benign|Infilteration,2
15038908800017515103,2,Benign|Infilteration,2
15039614903851861528,2,Benign|Infilteration,2
15040021117166039777,2,Benign|Infilteration,2
15041827459242172877,2,Benign|Infilteration,2
15049050054699749072,2,Benign|Infilteration,2
15051013503514335953,2,Benign|Infilteration,2
15055003100428483854,2,Benign|Infilteration,2
15056369504792710846,2,Benign|Infilteration,2
15057548079331925428,2,Benign|Infilteration,2
15058356134572802664,2,Benign|Infilteration,2
15059286864366758645,2,Benign|Infilteration,2
15062056716353845923,2,Benign|Infilteration,2
15063669732005336617,2,Benign|Infilteration,2
15065471856435798991,2,Benign|Infilteration,2
15068903087400683749,2,Benign|Infilteration,2
15080616064763465075,2,Benign|Infilteration,2
15083075326323104047,2,Benign|Infilteration,2
15091757515105233904,2,Benign|Infilteration,2
15094623855802584017,2,Benign|Infilteration,2
15104063081545476784,2,Benign|Infilteration,2
15104591919660699817,2,Benign|Infilteration,2
15105666044837219890,2,Benign|Infilteration,2
15107757673398223065,2,Benign|Infilteration,2
15110127702501453740,2,Benign|Infilteration,2
15112215104663297487,2,Benign|Infilteration,2
15113859389458337684,2,Benign|Infilteration,2
15114676361690696796,2,Benign|Infilteration,2
15138388321361444144,2,Benign|Infilteration,2
15138890319056066071,2,Benign|Infilteration,2
15139014230956685019,2,Benign|Infilteration,2
15139268742240369285,2,Benign|Infilteration,2
15145451425265234477,2,Benign|Infilteration,2
15153959465627357343,2,Benign|Infilteration,2
15155080210327297313,2,Benign|Infilteration,2
15156305219857537291,2,Benign|Infilteration,2
15156394604851871392,2,Benign|Infilteration,2
15159831073924472321,2,Benign|Infilteration,2
15161788233038289700,2,Benign|Infilteration,2
15169812187126052230,2,Benign|Infilteration,2
15171171231177326316,2,Benign|Infilteration,2
15173090878491736418,2,Benign|Infilteration,2
15180245072502160378,2,Benign|Infilteration,2
15181138956226613019,2,Benign|Infilteration,2
15183974372529642941,2,Benign|Infilteration,2
15185586566494320474,2,Benign|Infilteration,2
15186046257924846630,2,Benign|Infilteration,2
15187838456639994385,2,Benign|Infilteration,2
15189602155922512946,2,Benign|Infilteration,2
15196827630072960556,2,Benign|Infilteration,2
15197452319178964073,2,Benign|Infilteration,2
15204870430242883862,2,Benign|Infilteration,2
15209998685453550959,2,Benign|Infilteration,2
15210580188777344804,2,Benign|Infilteration,2
15211895866498849989,2,Benign|Infilteration,2
15220097390919300119,2,Benign|Infilteration,2
15228385056231768079,2,Benign|Infilteration,2
15228655303725916638,2,Benign|Infilteration,2
15234186557995384491,2,Benign|Infilteration,2
15235810054317160346,2,Benign|Infilteration,2
15236452145051798378,2,Benign|Infilteration,2
15243609186283225973,2,Benign|Infilteration,2
15246683005459863244,2,Benign|Infilteration,2
15248934001309137453,2,Benign|Infilteration,2
15248998794597138517,2,Benign|Infilteration,2
15250797849236645499,2,Benign|Infilteration,2
15250930996665708579,2,Benign|Infilteration,2
15251108776913570814,2,Benign|Infilteration,2
15252568121702903559,2,Benign|Infilteration,2
15261829915911178351,2,Benign|Infilteration,2
15264501225519154242,2,Benign|Infilteration,2
15264513044452281979,2,Benign|Infilteration,2
15266242993758530933,2,Benign|Infilteration,2
15267111414751498393,2,Benign|Infilteration,2
15268669458832850804,2,Benign|Infilteration,2
15270859510517314285,2,Benign|Infilteration,2
15274021201577124485,2,Benign|Infilteration,2
15274292681082038552,2,Benign|Infilteration,2
15280212212018385786,2,Benign|Infilteration,2
15286403399704349888,2,Benign|Infilteration,2
15286666935731219873,2,Benign|Infilteration,2
15286901410428715197,2,Benign|Infilteration,2
15288652324504344689,2,Benign|Infilteration,2
15292374836194324891,2,Benign|Infilteration,2
15293901287730448319,2,Benign|Infilteration,2
15298350164827334327,2,Benign|Infilteration,2
15301879663345394229,2,Benign|Infilteration,2
15304148962851052051,2,Benign|Infilteration,2
15307777994570979394,2,Benign|Infilteration,2
15312807741099545364,2,Benign|Infilteration,2
15324024274366976735,2,Benign|Infilteration,2
15326277832594280440,2,Benign|Infilteration,2
15327114899811855734,2,Benign|Infilteration,2
15327739758969815672,2,Benign|Infilteration,2
15331567198926628378,2,Benign|Infilteration,2
15336167188736936456,2,Benign|Infilteration,2
15338148406209941941,2,Benign|Infilteration,2
15340462928266966927,2,Benign|Infilteration,2
15344101914754937089,2,Benign|Infilteration,2
15349903157175315296,2,Benign|Infilteration,2
15350510036959459026,2,Benign|Infilteration,2
15350657328288557885,2,Benign|Infilteration,2
15351035119114402720,2,Benign|Infilteration,2
15353178945005079383,2,Benign|Infilteration,2
15356669110096719584,2,Benign|Infilteration,2
15356956349542868830,2,Benign|Infilteration,2
15360614082749546952,2,Benign|Infilteration,2
15363024857318898724,2,Benign|Infilteration,2
15365671456290205656,2,Benign|Infilteration,2
15371545776637780216,2,Benign|Infilteration,2
15374582821691169209,2,Benign|Infilteration,2
15377338659265653500,2,Benign|Infilteration,2
15377433908873474011,2,Benign|Infilteration,2
15380804601629014100,2,Benign|Infilteration,2
15382512316359152442,2,Benign|Infilteration,2
15390676023882474577,2,Benign|Infilteration,2
15392672064602472048,2,Benign|Infilteration,2
15396386154002470935,2,Benign|Infilteration,2
15399319934658848947,2,Benign|Infilteration,2
15403725879373858135,2,Benign|Infilteration,2
15412665945301037599,2,Benign|Infilteration,2
15413343528763072783,2,Benign|Infilteration,2
15415488380693046336,2,Benign|Infilteration,2
15416445019177249138,2,Benign|Infilteration,2
15419081537199926286,2,Benign|Infilteration,2
15422733025287628040,2,Benign|Infilteration,2
15427828156044371974,2,Benign|Infilteration,2
15430059213884574267,2,Benign|Infilteration,2
15433052970459942609,2,Benign|Infilteration,2
15437090548605002125,2,Benign|Infilteration,2
15438892181911312859,2,Benign|Infilteration,2
15440723191998164399,2,Benign|Infilteration,2
15451684459948460701,2,Benign|Infilteration,2
15454693378869104728,2,Benign|Infilteration,2
15460731789064017584,2,Benign|Infilteration,2
15463390516760523949,2,Benign|Infilteration,2
15468142642057870375,2,Benign|Infilteration,2
15470447872354437355,2,Benign|Infilteration,2
15481754584268346028,2,Benign|Infilteration,2
15482502986711648189,2,Benign|Infilteration,2
15484424956618860903,2,Benign|Infilteration,2
15488142789692519080,2,Benign|Infilteration,2
15488292049495225986,2,Benign|Infilteration,2
15489985772860083842,2,Benign|Infilteration,2
15492395703719306222,2,Benign|Infilteration,2
15496113500046943642,2,Benign|Infilteration,2
15498733577248282083,2,Benign|Infilteration,2
15505957038409735809,2,Benign|Infilteration,2
15508523027386195465,2,Benign|Infilteration,2
15509310273088285825,2,Benign|Infilteration,2
15512439845126304356,2,Benign|Infilteration,2
15515255275778270141,2,Benign|Infilteration,2
15519177674904307148,2,Benign|Infilteration,2
15521818106202442164,2,Benign|Infilteration,2
15525511448586379169,2,Benign|Infilteration,2
15527272047855230560,2,Benign|Infilteration,2
15530079280783180594,2,Benign|Infilteration,2
15534046068057359487,2,Benign|Infilteration,2
15536290786622161159,2,Benign|Infilteration,2
15537430395180811613,2,Benign|Infilteration,2
15539876918702547923,2,Benign|Infilteration,2
15553128969140807377,2,Benign|Infilteration,2
15557652731068185596,2,Benign|Infilteration,2
15561426561259495154,2,Benign|Infilteration,2
15564678417658402917,2,Benign|Infilteration,2
15566401809738953140,2,Benign|Infilteration,2
15571252110318622993,2,Benign|Infilteration,2
15572060181847185663,2,Benign|Infilteration,2
15572079434828995070,2,Benign|Infilteration,2
15572117746073820988,2,Benign|Infilteration,2
15573165726320077295,2,Benign|Infilteration,2
15576484771993377603,2,Benign|Infilteration,2
15576878713789838480,2,Benign|Infilteration,2
15578930312589438721,2,Benign|Infilteration,2
15580962320192118220,2,Benign|Infilteration,2
15584376450009538000,2,Benign|Infilteration,2
15585308469293176520,2,Benign|Infilteration,2
15585372060612428691,2,Benign|Infilteration,2
15585720594410504849,2,Benign|Infilteration,2
15590969797926446955,2,Benign|Infilteration,2
15591106707208945899,2,Benign|Infilteration,2
15595313386966467175,2,Benign|Infilteration,2
15598117497388286178,2,Benign|Infilteration,2
15598982278327503263,2,Benign|Infilteration,2
15600110252717433767,2,Benign|Infilteration,2
15601890944806131251,2,Benign|Infilteration,2
15609794023626633781,2,Benign|Infilteration,2
15611409929055963373,2,Benign|Infilteration,2
15611493716142797934,2,Benign|Infilteration,2
15611871544650614322,2,Benign|Infilteration,2
15612368726372081445,2,Benign|Infilteration,2
15616648791016925878,2,Benign|Infilteration,2
15617467152874294131,2,Benign|Infilteration,2
15617774355136104961,2,Benign|Infilteration,2
15622591526513775051,2,Benign|Infilteration,2
15625879896722590056,2,Benign|Infilteration,2
15628452169165762167,2,Benign|Infilteration,2
15629141278630076297,2,Benign|Infilteration,2
15636014508415967182,2,Benign|Infilteration,2
15649926703709287959,2,Benign|Infilteration,2
15650245516560789892,2,Benign|Infilteration,2
15651706543324569713,2,Benign|Infilteration,2
15661424786351709056,2,Benign|Infilteration,2
15661471368116370910,2,Benign|Infilteration,2
15664436558656623208,2,Benign|Infilteration,2
15666210652239305736,2,Benign|Infilteration,2
15666966152470304446,2,Benign|Infilteration,2
15670888176006796582,2,Benign|Infilteration,2
15674174904599533955,2,Benign|Infilteration,2
15675420693787440417,2,Benign|Infilteration,2
15682520985152624451,2,Benign|Infilteration,2
15683179755113573597,2,Benign|Infilteration,2
15687165666052865491,2,Benign|Infilteration,2
15690080575306986325,2,Benign|Infilteration,2
15690752263717411131,2,Benign|Infilteration,2
15695178484186860734,2,Benign|Infilteration,2
15699386631093050683,2,Benign|Infilteration,2
15704316719312285335,2,Benign|Infilteration,2
15707392145994934398,2,Benign|Infilteration,2
15708203968708752488,2,Benign|Infilteration,2
15709376151544083585,2,Benign|Infilteration,2
15716380532404428116,2,Benign|Infilteration,2
15722659628488088461,2,Benign|Infilteration,2
15723674837638395262,2,Benign|Infilteration,2
15727272645624420506,2,Benign|Infilteration,2
15728706740286905118,2,Benign|Infilteration,2
15731476860513047920,2,Benign|Infilteration,2
15733646976635753587,2,Benign|Infilteration,2
15748899837244202687,2,Benign|Infilteration,2
15754673771942940808,2,Benign|Infilteration,2
15756004159767737550,2,Benign|Infilteration,2
15760713832910692886,2,Benign|Infilteration,2
15766247403909633601,2,Benign|Infilteration,2
15766295798886619597,2,Benign|Infilteration,2
15767491699259935286,2,Benign|Infilteration,2
15767981483146565472,2,Benign|Infilteration,2
15768390387525884563,2,Benign|Infilteration,2
15771325668748046217,2,Benign|Infilteration,2
15772239800943472363,2,Benign|Infilteration,2
15772292466383973864,2,Benign|Infilteration,2
15779178073481328359,2,Benign|Infilteration,2
15779249222567275851,2,Benign|Infilteration,2
15781323287831990038,2,Benign|Infilteration,2
15785540007910985031,2,Benign|Infilteration,2
15789637531187536128,2,Benign|Infilteration,2
15798588049897942637,2,Benign|Infilteration,2
15799464464000889706,2,Benign|Infilteration,2
15805485692922644805,2,Benign|Infilteration,2
15808218257321421852,2,Benign|Infilteration,2
15810970883008278690,2,Benign|Infilteration,2
15817924051724737139,2,Benign|Infilteration,2
15818717948975627869,2,Benign|Infilteration,2
15819644229765433387,2,Benign|Infilteration,2
15822961983499365817,2,Benign|Infilteration,2
15823790402064216169,2,Benign|Infilteration,2
15827360480004277840,2,Benign|Infilteration,2
15828921939377005263,2,Benign|Infilteration,2
15830798675398907715,2,Benign|Infilteration,2
15830872550721076245,2,Benign|Infilteration,2
15831496651235327439,2,Benign|Infilteration,2
15831629641867517347,2,Benign|Infilteration,2
15836040251924059123,2,Benign|Infilteration,2
15845443051876392688,2,Benign|Infilteration,2
15848752324838648700,2,Benign|Infilteration,2
15849857531808081262,2,Benign|Infilteration,2
15853078904139414843,2,Benign|Infilteration,2
15853643678148925425,2,Benign|Infilteration,2
15855335326749827906,2,Benign|Infilteration,2
15858922006298384319,2,Benign|Infilteration,2
15862134750652357104,2,Benign|Infilteration,2
15864453045874967684,2,Benign|Infilteration,2
15870855970595103278,2,Benign|Infilteration,2
15870959541656521391,2,Benign|Infilteration,2
15873184103242888398,2,Benign|Infilteration,2
15876823243572184552,2,Benign|Infilteration,2
15890092799807024008,2,Benign|Infilteration,2
15893085600269163537,2,Benign|Infilteration,2
15893503897840941711,2,Benign|Infilteration,2
15903739836511032898,2,Benign|Infilteration,2
15906757402165993512,2,Benign|Infilteration,2
15908146097583329644,2,Benign|Infilteration,2
15911365233528864765,2,Benign|Infilteration,2
15921087014074355023,2,Benign|Infilteration,2
15922411343006697014,2,Benign|Infilteration,2
15922662290965664475,2,Benign|Infilteration,2
15923571718383752166,2,Benign|Infilteration,2
15923875400029573091,2,Benign|Infilteration,2
15923954479689155304,2,Benign|Infilteration,2
15926770294673076140,2,Benign|Infilteration,2
15926994029144740960,2,Benign|Infilteration,2
15929012748997623646,2,Benign|Infilteration,2
15929228416850734538,2,Benign|Infilteration,2
15937222774859268089,2,Benign|Infilteration,2
15940154546432761704,2,Benign|Infilteration,2
15941833759961156412,2,Benign|Infilteration,2
15943442812474971512,2,Benign|Infilteration,2
15946115739770923482,2,Benign|Infilteration,2
15946516839472953041,2,Benign|Infilteration,2
15954722203335858014,2,Benign|Infilteration,2
15957904764985110324,2,Benign|Infilteration,2
15959322417533912137,2,Benign|Infilteration,2
15960106611574389462,2,Benign|Infilteration,2
15962957086917173861,2,Benign|Infilteration,2
15963579934647216845,2,Benign|Infilteration,2
15967254198684871437,2,Benign|Infilteration,2
15973239300282530538,2,Benign|Infilteration,2
15973615643224670525,2,Benign|Infilteration,2
15977556765411985011,2,Benign|Infilteration,2
15977734906238195272,2,Benign|Infilteration,2
15978174704826106988,2,Benign|Infilteration,2
15982476941833126310,2,Benign|Infilteration,2
15988476269084529243,2,Benign|Infilteration,2
15990909486931589891,2,Benign|Infilteration,2
15991745994988928218,2,Benign|Infilteration,2
15994517629760616522,2,Benign|Infilteration,2
15995916165672305102,2,Benign|Infilteration,2
16001510871963350842,2,Benign|Infilteration,2
16002932722675661060,2,Benign|Infilteration,2
16002988867045194667,2,Benign|Infilteration,2
16007885274840997958,2,Benign|Infilteration,2
16010449095867110428,2,Benign|Infilteration,2
16011729773833109595,2,Benign|Infilteration,2
16016195343796092503,2,Benign|Infilteration,2
16017466542682703135,2,Benign|Infilteration,2
16017804199735841725,2,Benign|Infilteration,2
16021017672542388535,2,Benign|Infilteration,2
16021225764531576443,2,Benign|Infilteration,2
16025977309703653891,2,Benign|Infilteration,2
16027139164166785790,2,Benign|Infilteration,2
16030024607785708893,2,Benign|Infilteration,2
16037561928123965255,2,Benign|Infilteration,2
16041973059370193686,2,Benign|Infilteration,2
16044441345735706056,2,Benign|Infilteration,2
16045905283340323340,2,Benign|Infilteration,2
16049519461918517065,2,Benign|Infilteration,2
16049845556876974381,2,Benign|Infilteration,2
16069061557087197044,2,Benign|Infilteration,2
16074848749028130500,2,Benign|Infilteration,2
16081132680345095026,2,Benign|Infilteration,2
16081261460862336922,2,Benign|Infilteration,2
16083208214594232017,2,Benign|Infilteration,2
16084590584340423760,2,Benign|Infilteration,2
16085168584837553026,2,Benign|Infilteration,2
16088510424482359148,2,Benign|Infilteration,2
16091509051699444138,2,Benign|Infilteration,2
16092542382212577231,2,Benign|Infilteration,2
16094603246322303581,2,Benign|Infilteration,2
16096260862914882934,2,Benign|Infilteration,2
16098460790579764350,2,Benign|Infilteration,2
16099305187550430208,2,Benign|Infilteration,2
16101620183196354748,2,Benign|Infilteration,2
16105923425144008615,2,Benign|Infilteration,2
16108898398762580016,2,Benign|Infilteration,2
16112228892319203390,2,Benign|Infilteration,2
16114539138898845976,2,Benign|Infilteration,2
16119196546575036705,2,Benign|Infilteration,2
16123766399517600613,2,Benign|Infilteration,2
16126882579264416643,2,Benign|Infilteration,2
16135699873271049537,2,Benign|Infilteration,2
16137834954601417404,2,Benign|Infilteration,2
16139997501388034615,2,Benign|Infilteration,2
16144132506603342675,2,Benign|Infilteration,2
16145782236830312801,2,Benign|Infilteration,2
16146351224105584206,2,Benign|Infilteration,2
16150744183588311074,2,Benign|Infilteration,2
16153007289089651937,2,Benign|Infilteration,2
16154444509404039486,2,Benign|Infilteration,2
16156883448711629822,2,Benign|Infilteration,2
16163841178699899914,2,Benign|Infilteration,2
16164774219559517226,2,Benign|Infilteration,2
16165642484584531517,2,Benign|Infilteration,2
16166330620854940925,2,Benign|Infilteration,2
16167751040822343331,2,Benign|Infilteration,2
16176085896245831563,2,Benign|Infilteration,2
16176581616241700974,2,Benign|Infilteration,2
16182082884581131933,2,Benign|Infilteration,2
16185139654696982258,2,Benign|Infilteration,2
16186252701005559297,2,Benign|Infilteration,2
16189605455974684848,2,Benign|Infilteration,2
16190609884626775213,2,Benign|Infilteration,2
16191258549321996012,2,Benign|Infilteration,2
16193851729614484327,2,Benign|Infilteration,2
16197237992617187371,2,Benign|Infilteration,2
16197962833480042184,2,Benign|Infilteration,2
16202079329302429562,2,Benign|Infilteration,2
16202581746121856748,2,Benign|Infilteration,2
16210970502587088852,2,Benign|Infilteration,2
16215015629672908659,2,Benign|Infilteration,2
16215939918632716785,2,Benign|Infilteration,2
16225872516723317380,2,Benign|Infilteration,2
16229473843188721067,2,Benign|Infilteration,2
16233273328994442303,2,Benign|Infilteration,2
16240853891471630632,2,Benign|Infilteration,2
16244566421178013815,2,Benign|Infilteration,2
16248934007314686392,2,Benign|Infilteration,2
16250616614967791518,2,Benign|Infilteration,2
16253351864694117378,2,Benign|Infilteration,2
16262726171505861395,2,Benign|Infilteration,2
16264380977764242691,2,Benign|Infilteration,2
16264487055610293337,2,Benign|Infilteration,2
16272316728333183760,2,Benign|Infilteration,2
16277664588473288072,2,Benign|Infilteration,2
16281864492716588829,2,Benign|Infilteration,2
16282612659119362957,2,Benign|Infilteration,2
16284587514211889528,2,Benign|Infilteration,2
16287778256321991838,2,Benign|Infilteration,2
16288659289682414695,2,Benign|Infilteration,2
16289054295789110836,2,Benign|Infilteration,2
16290176041156264042,2,Benign|Infilteration,2
16290661190457048134,2,Benign|Infilteration,2
16291580309488358680,2,Benign|Infilteration,2
16292750457436477436,2,Benign|Infilteration,2
16296990524004683559,2,Benign|Infilteration,2
16297624505817447330,2,Benign|Infilteration,2
16302366485103599359,2,Benign|Infilteration,2
16303842245166421656,2,Benign|Infilteration,2
16310835501295674722,2,Benign|Infilteration,2
16312156487610087053,2,Benign|Infilteration,2
16323243495819097889,2,Benign|Infilteration,2
16323954454080751485,2,Benign|Infilteration,2
16325143657055872246,2,Benign|Infilteration,2
16330220664944955777,2,Benign|Infilteration,2
16333604930634979904,2,Benign|Infilteration,2
16336091717603748055,2,Benign|Infilteration,2
16340953301524784417,2,Benign|Infilteration,2
16348702809046238949,2,Benign|Infilteration,2
16351544217774475658,2,Benign|Infilteration,2
16353253603136717989,2,Benign|Infilteration,2
16353577561854770899,2,Benign|Infilteration,2
16353809702212077847,2,Benign|Infilteration,2
16358769755158200068,2,Benign|Infilteration,2
16359322889234406117,2,Benign|Infilteration,2
16364187990020319179,2,Benign|Infilteration,2
16373193940110603674,2,Benign|Infilteration,2
16374774463404592033,2,Benign|Infilteration,2
16380186925019569562,2,Benign|Infilteration,2
16380809630749841732,2,Benign|Infilteration,2
16382421703489694617,2,Benign|Infilteration,2
16383048362694365984,2,Benign|Infilteration,2
16384358305355079623,2,Benign|Infilteration,2
16384361038972844835,2,Benign|Infilteration,2
16389475439339886590,2,Benign|Infilteration,2
16389517560071277291,2,Benign|Infilteration,2
16391092319414745039,2,Benign|Infilteration,2
16393128995153823400,2,Benign|Infilteration,2
16395933668590306041,2,Benign|Infilteration,2
16400084778801306784,2,Benign|Infilteration,2
16401036965482052169,2,Benign|Infilteration,2
16402388492548704320,2,Benign|Infilteration,2
16407815510503261875,2,Benign|Infilteration,2
16410287949689845731,2,Benign|Infilteration,2
16410732779170940943,2,Benign|Infilteration,2
16412513664056554080,2,Benign|Infilteration,2
16416980896239046793,2,Benign|Infilteration,2
16416981628611859434,2,Benign|Infilteration,2
16419203766269805173,2,Benign|Infilteration,2
16419254383014477002,2,Benign|Infilteration,2
16426871597195405589,2,Benign|Infilteration,2
16433240308510184258,2,Benign|Infilteration,2
16433789297953237748,2,Benign|Infilteration,2
16437694464008274942,2,Benign|Infilteration,2
16441120565371628350,2,Benign|Infilteration,2
16442458173792700325,2,Benign|Infilteration,2
16444102962530653928,2,Benign|Infilteration,2
16450547871529809588,2,Benign|Infilteration,2
16455120837406115071,2,Benign|Infilteration,2
16457914921602702343,2,Benign|Infilteration,2
16460699585651077096,2,Benign|Infilteration,2
16462391683540227319,2,Benign|Infilteration,2
16470397540867547614,2,Benign|Infilteration,2
16475079436507451137,2,Benign|Infilteration,2
16475821871255715253,2,Benign|Infilteration,2
16484409504613498658,2,Benign|Infilteration,2
16484617845962023094,2,Benign|Infilteration,2
16485130094554740788,2,Benign|Infilteration,2
16487565943001632451,2,Benign|Infilteration,2
16489638705910661790,2,Benign|Infilteration,2
16497080588951271333,2,Benign|Infilteration,2
16497370943493414735,2,Benign|Infilteration,2
16500785063971897064,2,Benign|Infilteration,2
16506466591896323708,2,Benign|Infilteration,2
16509348638247701302,2,Benign|Infilteration,2
16509963984105404559,2,Benign|Infilteration,2
16511329420416215118,2,Benign|Infilteration,2
16511585472252768342,2,Benign|Infilteration,2
16512341768266767413,2,Benign|Infilteration,2
16524059380601169992,2,Benign|Infilteration,2
16533713379236984453,2,Benign|Infilteration,2
16534946660489211979,2,Benign|Infilteration,2
16537479560021021215,2,Benign|Infilteration,2
16539541329153429344,2,Benign|Infilteration,2
16541165453265414034,2,Benign|Infilteration,2
16542567497797215454,2,Benign|Infilteration,2
16543726776531588733,2,Benign|Infilteration,2
16543969920301167885,2,Benign|Infilteration,2
16552345512629436921,2,Benign|Infilteration,2
16554077869906973187,2,Benign|Infilteration,2
16555750552329090525,2,Benign|Infilteration,2
16564379753329553840,2,Benign|Infilteration,2
16576724175013498061,2,Benign|Infilteration,2
16578449145930858651,2,Benign|Infilteration,2
16580350024056052342,2,Benign|Infilteration,2
16580666401000728315,2,Benign|Infilteration,2
16584421183161359820,2,Benign|Infilteration,2
16587494290386390725,2,Benign|Infilteration,2
16591304513724570818,2,Benign|Infilteration,2
16591377623808664351,2,Benign|Infilteration,2
16595250824964853362,2,Benign|Infilteration,2
16599036168568525350,2,Benign|Infilteration,2
16603657550095017091,2,Benign|Infilteration,2
16605389985429454249,2,Benign|Infilteration,2
16610336414136661137,2,Benign|Infilteration,2
16612155399875378382,2,Benign|Infilteration,2
16613373771010365554,2,Benign|Infilteration,2
16616764195099916396,2,Benign|Infilteration,2
16620337146989196948,2,Benign|Infilteration,2
16621352425988011856,2,Benign|Infilteration,2
16623491557393421542,2,Benign|Infilteration,2
16626641945255111866,2,Benign|Infilteration,2
16629430744124243281,2,Benign|Infilteration,2
16632653620585489541,2,Benign|Infilteration,2
16638328971465526796,2,Benign|Infilteration,2
16639031166076129537,2,Benign|Infilteration,2
16639546902944991473,2,Benign|Infilteration,2
16641712444301552715,2,Benign|Infilteration,2
16645965974528731977,2,Benign|Infilteration,2
16647557417456259495,2,Benign|Infilteration,2
16650274127068607812,2,Benign|Infilteration,2
16652825914889321560,2,Benign|Infilteration,2
16653654711705415128,2,Benign|Infilteration,2
16653810431724938385,2,Benign|Infilteration,2
16654088158359228372,2,Benign|Infilteration,2
16654606777097420364,2,Benign|Infilteration,2
16654743246559400279,2,Benign|Infilteration,2
16654938780540999256,2,Benign|Infilteration,2
16655197301443120286,2,Benign|Infilteration,2
16660466506408319091,2,Benign|Infilteration,2
16664010058136049111,2,Benign|Infilteration,2
16668846437041752416,2,Benign|Infilteration,2
16670798066560978857,2,Benign|Infilteration,2
16675763584386086567,2,Benign|Infilteration,2
16678039011459276780,2,Benign|Infilteration,2
16680433730837436738,2,Benign|Infilteration,2
16681156481989341222,2,Benign|Infilteration,2
16683043205373215831,2,Benign|Infilteration,2
16687894113269451322,2,Benign|Infilteration,2
16688226043808888518,2,Benign|Infilteration,2
16688727864070016326,2,Benign|Infilteration,2
16694954809007043097,2,Benign|Infilteration,2
16701143362095230011,2,Benign|Infilteration,2
16703064501914925602,2,Benign|Infilteration,2
16706842275881009491,2,Benign|Infilteration,2
16707366257519589434,2,Benign|Infilteration,2
16710389012456144504,2,Benign|Infilteration,2
16711967433212106238,2,Benign|Infilteration,2
16712262738738505704,2,Benign|Infilteration,2
16722960492400793066,2,Benign|Infilteration,2
16723246349529653530,2,Benign|Infilteration,2
16723722820279665297,2,Benign|Infilteration,2
16727428375704356028,2,Benign|Infilteration,2
16728604653727563764,2,Benign|Infilteration,2
16734445022968252363,2,Benign|Infilteration,2
16734815260452489985,2,Benign|Infilteration,2
16736389314257075806,2,Benign|Infilteration,2
16738074964842105106,2,Benign|Infilteration,2
16740011942100695485,2,Benign|Infilteration,2
16741029774316988762,2,Benign|Infilteration,2
16749099798655539874,2,Benign|Infilteration,2
16749542567054233429,2,Benign|Infilteration,2
16751516450126289769,2,Benign|Infilteration,2
16756688840395945245,2,Benign|Infilteration,2
16756903960961002300,2,Benign|Infilteration,2
16757117401727788955,2,Benign|Infilteration,2
16757864901326716961,2,Benign|Infilteration,2
16760151661583426821,2,Benign|Infilteration,2
16761847810043028608,2,Benign|Infilteration,2
16771077514246546629,2,Benign|Infilteration,2
16776418786325440689,2,Benign|Infilteration,2
16784149357884804137,2,Benign|Infilteration,2
16784912987643994439,2,Benign|Infilteration,2
16786140400104781900,2,Benign|Infilteration,2
16786499393394577922,2,Benign|Infilteration,2
16791974622752276912,2,Benign|Infilteration,2
16792688778964624630,2,Benign|Infilteration,2
16793570027544146073,2,Benign|Infilteration,2
16793607014787278714,2,Benign|Infilteration,2
16794218937180180271,2,Benign|Infilteration,2
16796795680520802432,2,Benign|Infilteration,2
16805433576664752758,2,Benign|Infilteration,2
16805814321088610465,2,Benign|Infilteration,2
16814834184528414603,2,Benign|Infilteration,2
16814836554056258531,2,Benign|Infilteration,2
16814929530214745511,2,Benign|Infilteration,2
16818163440843262531,2,Benign|Infilteration,2
16821273945357640138,2,Benign|Infilteration,2
16830475883403808692,2,Benign|Infilteration,2
16834580999415120734,2,Benign|Infilteration,2
16840035526141604420,2,Benign|Infilteration,2
16840199719745969063,2,Benign|Infilteration,2
16841226847150351102,2,Benign|Infilteration,2
16848244656453903208,2,Benign|Infilteration,2
16849612338904245904,2,Benign|Infilteration,2
16853001601938302243,2,Benign|Infilteration,2
16853020655776322102,2,Benign|Infilteration,2
16854779347193450470,2,Benign|Infilteration,2
16854939882926326322,2,Benign|Infilteration,2
16856716442887515127,2,Benign|Infilteration,2
16857924408843253790,2,Benign|Infilteration,2
16861440649816563184,2,Benign|Infilteration,2
16862091135642573211,2,Benign|Infilteration,2
16864441438980601184,2,Benign|Infilteration,2
16865768173833550642,2,Benign|Infilteration,2
16868780133762543444,2,Benign|Infilteration,2
16873934577942411711,2,Benign|Infilteration,2
16874176730331838537,2,Benign|Infilteration,2
16879847589127715050,2,Benign|Infilteration,2
16880472325532911714,2,Benign|Infilteration,2
16888099734478618846,2,Benign|Infilteration,2
16891760626345342851,2,Benign|Infilteration,2
16895504539663701315,2,Benign|Infilteration,2
16896728714545288397,2,Benign|Infilteration,2
16898571926354830817,2,Benign|Infilteration,2
16898679684356923384,2,Benign|Infilteration,2
16898851748487883441,2,Benign|Infilteration,2
16902166127987988770,2,Benign|Infilteration,2
16906994499562041773,2,Benign|Infilteration,2
16909188853442677020,2,Benign|Infilteration,2
16909433063101275787,2,Benign|Infilteration,2
16909843341771363594,2,Benign|Infilteration,2
16914749509558578614,2,Benign|Infilteration,2
16915904934255696269,2,Benign|Infilteration,2
16918470443803260110,2,Benign|Infilteration,2
16918773582125242479,2,Benign|Infilteration,2
16922506676094821492,2,Benign|Infilteration,2
16927658333603001244,2,Benign|Infilteration,2
16935549851574481633,2,Benign|Infilteration,2
16936296527080703565,2,Benign|Infilteration,2
16936518299087726833,2,Benign|Infilteration,2
16942048124939434547,2,Benign|Infilteration,2
16942744422600143896,2,Benign|Infilteration,2
16952625088756491634,2,Benign|Infilteration,2
16953346011283774285,2,Benign|Infilteration,2
16955900707099836908,2,Benign|Infilteration,2
16960118835981054026,2,Benign|Infilteration,2
16960432235645307614,2,Benign|Infilteration,2
16966098913264373306,2,Benign|Infilteration,2
16967959833595938850,2,Benign|Infilteration,2
16981680468112675070,2,Benign|Infilteration,2
16982767353444564411,2,Benign|Infilteration,2
16988090530146951533,2,Benign|Infilteration,2
16988183538524136720,2,Benign|Infilteration,2
16988652087134050303,2,Benign|Infilteration,2
16989899686106812893,2,Benign|Infilteration,2
16994011035645749133,2,Benign|Infilteration,2
17013559684384086735,2,Benign|Infilteration,2
17015787073181878209,2,Benign|Infilteration,2
17016292196814497584,2,Benign|Infilteration,2
17019459124292821234,2,Benign|Infilteration,2
17024244832162771240,2,Benign|Infilteration,2
17026078861064925196,2,Benign|Infilteration,2
17026258997317706043,2,Benign|Infilteration,2
17027051094092406947,2,Benign|Infilteration,2
17028622382617710721,2,Benign|Infilteration,2
17028687723958155841,2,Benign|Infilteration,2
17031480179593060164,2,Benign|Infilteration,2
17037119183145107088,2,Benign|Infilteration,2
17042788173407895844,2,Benign|Infilteration,2
17043554311398418797,2,Benign|Infilteration,2
17046838158182173205,2,Benign|Infilteration,2
17048049178006045337,2,Benign|Infilteration,2
17049361101421975608,2,Benign|Infilteration,2
17062331420656795248,2,Benign|Infilteration,2
17067520115582315170,2,Benign|Infilteration,2
17068354893073210033,2,Benign|Infilteration,2
17070345713479929885,2,Benign|Infilteration,2
17072745963484271972,2,Benign|Infilteration,2
17077195841264549289,2,Benign|Infilteration,2
17084639381716924197,2,Benign|Infilteration,2
17087700770347953025,2,Benign|Infilteration,2
17090835069158508685,2,Benign|Infilteration,2
17094128086535890434,2,Benign|Infilteration,2
17099658474427993637,2,Benign|Infilteration,2
17101957881512908848,2,Benign|Infilteration,2
17106203460477358444,2,Benign|Infilteration,2
17106729534356201595,2,Benign|Infilteration,2
17107751576259394044,2,Benign|Infilteration,2
17111746880940120777,2,Benign|Infilteration,2
17112011744739155355,2,Benign|Infilteration,2
17112043990364753049,2,Benign|Infilteration,2
17116279249906585987,2,Benign|Infilteration,2
17118157936902514354,2,Benign|Infilteration,2
17119161701515020798,2,Benign|Infilteration,2
17121452637999447762,2,Benign|Infilteration,2
17122895230126191638,2,Benign|Infilteration,2
17123791125124170434,2,Benign|Infilteration,2
17133575298645863649,2,Benign|Infilteration,2
17133723839707308721,2,Benign|Infilteration,2
17133774981720197824,2,Benign|Infilteration,2
17137218897414647057,2,Benign|Infilteration,2
17137406125114129893,2,Benign|Infilteration,2
17145173135816081491,2,Benign|Infilteration,2
17157214824356008242,2,Benign|Infilteration,2
17159368173560296386,2,Benign|Infilteration,2
17159504906465511500,2,Benign|Infilteration,2
17160666665211500464,2,Benign|Infilteration,2
17160834358625590986,2,Benign|Infilteration,2
17161480894839512196,2,Benign|Infilteration,2
17164510892147243720,2,Benign|Infilteration,2
17164946458761529865,2,Benign|Infilteration,2
17165259885067089215,2,Benign|Infilteration,2
17168527861900169868,2,Benign|Infilteration,2
17175087213395664100,2,Benign|Infilteration,2
17182846464640374977,2,Benign|Infilteration,2
17183551280043979453,2,Benign|Infilteration,2
17184494439595337743,2,Benign|Infilteration,2
17186361123355142263,2,Benign|Infilteration,2
17186543157478351513,2,Benign|Infilteration,2
17190089366495052556,2,Benign|Infilteration,2
17190691116435241879,2,Benign|Infilteration,2
17191774397736355815,2,Benign|Infilteration,2
17195191657477577224,2,Benign|Infilteration,2
17202864550711853691,2,Benign|Infilteration,2
17204245669120815195,2,Benign|Infilteration,2
17207268390941165266,2,Benign|Infilteration,2
17207856020635641285,2,Benign|Infilteration,2
17209122809661573829,2,Benign|Infilteration,2
17212080980268504224,2,Benign|Infilteration,2
17212527669075117634,2,Benign|Infilteration,2
17226790040390048201,2,Benign|Infilteration,2
17235319088539123982,2,Benign|Infilteration,2
17241644617089552135,2,Benign|Infilteration,2
17244112124157834994,2,Benign|Infilteration,2
17252148368621612266,2,Benign|Infilteration,2
17259849099470393224,2,Benign|Infilteration,2
17260590908993958022,2,Benign|Infilteration,2
17269031934806860253,2,Benign|Infilteration,2
17274076386803103461,2,Benign|Infilteration,2
17275963387139724723,2,Benign|Infilteration,2
17276335783787644926,2,Benign|Infilteration,2
17277644588841109529,2,Benign|Infilteration,2
17278117829789515394,2,Benign|Infilteration,2
17279423868808915183,2,Benign|Infilteration,2
17285040742495751415,2,Benign|Infilteration,2
17288753464814865520,2,Benign|Infilteration,2
17289781682077612684,2,Benign|Infilteration,2
17294475885644755842,2,Benign|Infilteration,2
17305067781536078834,2,Benign|Infilteration,2
17305528404099855682,2,Benign|Infilteration,2
17308013596717250401,2,Benign|Infilteration,2
17308362120577147432,2,Benign|Infilteration,2
17309480354327964085,2,Benign|Infilteration,2
17311273528845346458,2,Benign|Infilteration,2
17311828228824286942,2,Benign|Infilteration,2
17312210395616993317,2,Benign|Infilteration,2
17319824508031923631,2,Benign|Infilteration,2
17320241605631006326,2,Benign|Infilteration,2
17341577235976900112,2,Benign|Infilteration,2
17343231381908718035,2,Benign|Infilteration,2
17345774993626451656,2,Benign|Infilteration,2
17358665084100442816,2,Benign|Infilteration,2
17360026898318864822,2,Benign|Infilteration,2
17360119724934525274,2,Benign|Infilteration,2
17360214501396072409,2,Benign|Infilteration,2
17360225078697127372,2,Benign|Infilteration,2
17360845523914268420,2,Benign|Infilteration,2
17361972579893895287,2,Benign|Infilteration,2
17362221120830364132,2,Benign|Infilteration,2
17363221451273690462,2,Benign|Infilteration,2
17364398413370890308,2,Benign|Infilteration,2
17366994250483927420,2,Benign|Infilteration,2
17370549042903639186,2,Benign|Infilteration,2
17371689152701028402,2,Benign|Infilteration,2
17372096230888261313,2,Benign|Infilteration,2
17376138586016876039,2,Benign|Infilteration,2
17379198830770618951,2,Benign|Infilteration,2
17379223746245966644,2,Benign|Infilteration,2
17379470568938398883,2,Benign|Infilteration,2
17385101846961203709,2,Benign|Infilteration,2
17386141751638102436,2,Benign|Infilteration,2
17386574301106016634,2,Benign|Infilteration,2
17389389129343700972,2,Benign|Infilteration,2
17391417366133332278,2,Benign|Infilteration,2
17394976413350404685,2,Benign|Infilteration,2
17397180011572481977,2,Benign|Infilteration,2
17398766575331077298,2,Benign|Infilteration,2
17401062314535866580,2,Benign|Infilteration,2
17405130349628099053,2,Benign|Infilteration,2
17407579420422197193,2,Benign|Infilteration,2
17407756432596425456,2,Benign|Infilteration,2
17408312559936356790,2,Benign|Infilteration,2
17409003963531212148,2,Benign|Infilteration,2
17414503609257404730,2,Benign|Infilteration,2
17415863307204862515,2,Benign|Infilteration,2
17420339014166354159,2,Benign|Infilteration,2
17424890752658786693,2,Benign|Infilteration,2
17426394773318920248,2,Benign|Infilteration,2
17427328604529452102,2,Benign|Infilteration,2
17429769552303062759,2,Benign|Infilteration,2
17434468198993254649,2,Benign|Infilteration,2
17434917187662827458,2,Benign|Infilteration,2
17437080006427788793,2,Benign|Infilteration,2
17444440815030516582,2,Benign|Infilteration,2
17444979882969079430,2,Benign|Infilteration,2
17451434475262460749,2,Benign|Infilteration,2
17456153049246107167,2,Benign|Infilteration,2
17459619240662554065,2,Benign|Infilteration,2
17463389635211253457,2,Benign|Infilteration,2
17463635539289386411,2,Benign|Infilteration,2
17465163238269589207,2,Benign|Infilteration,2
17466059442561481517,2,Benign|Infilteration,2
17468047029053103446,2,Benign|Infilteration,2
17477263375261899655,2,Benign|Infilteration,2
17477438251926467101,2,Benign|Infilteration,2
17489523363133080654,2,Benign|Infilteration,2
17491221195309899213,2,Benign|Infilteration,2
17494984566524865564,2,Benign|Infilteration,2
17494990208525172758,2,Benign|Infilteration,2
17497422562187172125,2,Benign|Infilteration,2
17498140096286506697,2,Benign|Infilteration,2
17502889595282903172,2,Benign|Infilteration,2
17503810249286819105,2,Benign|Infilteration,2
17504232282739573416,2,Benign|Infilteration,2
17507356805434750324,2,Benign|Infilteration,2
17513077263375182660,2,Benign|Infilteration,2
17516584771266865277,2,Benign|Infilteration,2
17520106243509345037,2,Benign|Infilteration,2
17521124151893862707,2,Benign|Infilteration,2
17522679591021927910,2,Benign|Infilteration,2
17525141503322652713,2,Benign|Infilteration,2
17525183884299144487,2,Benign|Infilteration,2
17528278155373901127,2,Benign|Infilteration,2
17531297197463448816,2,Benign|Infilteration,2
17532273220193222447,2,Benign|Infilteration,2
17538249247062281756,2,Benign|Infilteration,2
17544329343982852232,2,Benign|Infilteration,2
17548611094939758538,2,Benign|Infilteration,2
17548875148493037988,2,Benign|Infilteration,2
17548913735012674312,2,Benign|Infilteration,2
17564815781830896829,2,Benign|Infilteration,2
17567481478146353859,2,Benign|Infilteration,2
17569842911234054777,2,Benign|Infilteration,2
17571721538908456199,2,Benign|Infilteration,2
17573359958539146484,2,Benign|Infilteration,2
17576078655859445194,2,Benign|Infilteration,2
17578011382524494899,2,Benign|Infilteration,2
17581095066355322163,2,Benign|Infilteration,2
17581832470479828680,2,Benign|Infilteration,2
17582700462099743237,2,Benign|Infilteration,2
17584788049972768230,2,Benign|Infilteration,2
17586106737473759884,2,Benign|Infilteration,2
17589796114753363472,2,Benign|Infilteration,2
17595206332790536227,2,Benign|Infilteration,2
17595422225864784414,2,Benign|Infilteration,2
17596491866939568832,2,Benign|Infilteration,2
17598075618424379040,2,Benign|Infilteration,2
17601012449899103453,2,Benign|Infilteration,2
17601233995892873814,2,Benign|Infilteration,2
17605926762057282827,2,Benign|Infilteration,2
17606362777970982568,2,Benign|Infilteration,2
17606789171226816251,2,Benign|Infilteration,2
17615725277033652281,2,Benign|Infilteration,2
17618343585128534446,2,Benign|Infilteration,2
17620713016871247185,2,Benign|Infilteration,2
17621361962365423718,2,Benign|Infilteration,2
17623665654922794294,2,Benign|Infilteration,2
17626762384971749795,2,Benign|Infilteration,2
17627544795677015873,2,Benign|Infilteration,2
17635722024718153736,2,Benign|Infilteration,2
17636870985458149841,2,Benign|Infilteration,2
17639489836710125425,2,Benign|Infilteration,2
17641148115130764693,2,Benign|Infilteration,2
17643266744024271743,2,Benign|Infilteration,2
17644071728931905824,2,Benign|Infilteration,2
17656707790374785069,2,Benign|Infilteration,2
17660771229138536754,2,Benign|Infilteration,2
17664177854809705956,2,Benign|Infilteration,2
17665106296622120342,2,Benign|Infilteration,2
17665808934821397138,2,Benign|Infilteration,2
17667722827290528329,2,Benign|Infilteration,2
17671334073054655437,2,Benign|Infilteration,2
17672213044759726417,2,Benign|Infilteration,2
17683024350872663283,2,Benign|Infilteration,2
17685342907606350749,2,Benign|Infilteration,2
17700569872630577333,2,Benign|Infilteration,2
17700953110385957048,2,Benign|Infilteration,2
17702664347520728625,2,Benign|Infilteration,2
17702680062082742878,2,Benign|Infilteration,2
17703546212967008178,2,Benign|Infilteration,2
17706251088786074383,2,Benign|Infilteration,2
17706989742517482106,2,Benign|Infilteration,2
17712426754606556613,2,Benign|Infilteration,2
17718390286824956517,2,Benign|Infilteration,2
17718734922189278933,2,Benign|Infilteration,2
17718906203045033360,2,Benign|Infilteration,2
17720276187514425443,2,Benign|Infilteration,2
17721824643747046453,2,Benign|Infilteration,2
17723743618750485361,2,Benign|Infilteration,2
17724869527958600736,2,Benign|Infilteration,2
17725707550105868376,2,Benign|Infilteration,2
17730791325085810538,2,Benign|Infilteration,2
17739887879822123086,2,Benign|Infilteration,2
17742902023086495585,2,Benign|Infilteration,2
17744072310458640003,2,Benign|Infilteration,2
17745912195513745662,2,Benign|Infilteration,2
17747275889185945925,2,Benign|Infilteration,2
17752386716515224878,2,Benign|Infilteration,2
17753103950330781534,2,Benign|Infilteration,2
17754015510667086832,2,Benign|Infilteration,2
17755933080741889093,2,Benign|Infilteration,2
17756064573130514359,2,Benign|Infilteration,2
17766355093038162925,2,Benign|Infilteration,2
17769466506482302408,2,Benign|Infilteration,2
17771868939676426053,2,Benign|Infilteration,2
17773784965177974222,2,Benign|Infilteration,2
17784283017342385645,2,Benign|Infilteration,2
17784394769050239478,2,Benign|Infilteration,2
17794079414555851782,2,Benign|Infilteration,2
17795415664719830957,2,Benign|Infilteration,2
17796982229376868523,2,Benign|Infilteration,2
17801300074532227753,2,Benign|Infilteration,2
17809438780536368858,2,Benign|Infilteration,2
17809480355384579976,2,Benign|Infilteration,2
17812270044950961681,2,Benign|Infilteration,2
17812641836220064163,2,Benign|Infilteration,2
17816498424742234325,2,Benign|Infilteration,2
17819043339669522444,2,Benign|Infilteration,2
17819200614922721711,2,Benign|Infilteration,2
17822233901213454295,2,Benign|Infilteration,2
17825028205247685585,2,Benign|Infilteration,2
17825397910436502139,2,Benign|Infilteration,2
17827346772398287930,2,Benign|Infilteration,2
17832924018807626022,2,Benign|Infilteration,2
17833522675806521298,2,Benign|Infilteration,2
17835798276660445599,2,Benign|Infilteration,2
17837566630999258933,2,Benign|Infilteration,2
17838372678881107555,2,Benign|Infilteration,2
17841257148639701553,2,Benign|Infilteration,2
17841333053467237797,2,Benign|Infilteration,2
17842029048594428558,2,Benign|Infilteration,2
17845943130153513273,2,Benign|Infilteration,2
17856743949471881063,2,Benign|Infilteration,2
17856839977583100965,2,Benign|Infilteration,2
17857358803523303021,2,Benign|Infilteration,2
17857436848951579733,2,Benign|Infilteration,2
17863225117018058007,2,Benign|Infilteration,2
17863264183906041376,2,Benign|Infilteration,2
17863774423186424990,2,Benign|Infilteration,2
17864731396885130174,2,Benign|Infilteration,2
17866231585283730302,2,Benign|Infilteration,2
17869435751545628484,2,Benign|Infilteration,2
17874470668446767875,2,Benign|Infilteration,2
17875084410339236618,2,Benign|Infilteration,2
17883870097738816917,2,Benign|Infilteration,2
17886791777121182583,2,Benign|Infilteration,2
17892106322794215803,2,Benign|Infilteration,2
17902068907152007599,2,Benign|Infilteration,2
17903791600061262832,2,Benign|Infilteration,2
17908373211356656352,2,Benign|Infilteration,2
17930318408266116444,2,Benign|Infilteration,2
17931699138561570478,2,Benign|Infilteration,2
17933658019315530951,2,Benign|Infilteration,2
17934534906805855571,2,Benign|Infilteration,2
17935388230645338836,2,Benign|Infilteration,2
17936842362421675778,2,Benign|Infilteration,2
17940071767718706550,2,Benign|Infilteration,2
17943347921832538034,2,Benign|Infilteration,2
17943696075659710029,2,Benign|Infilteration,2
17943920507703928076,2,Benign|Infilteration,2
17944898896178439274,2,Benign|Infilteration,2
17948865277699179287,2,Benign|Infilteration,2
17954145152744012210,2,Benign|Infilteration,2
17964365771409856180,2,Benign|Infilteration,2
17965956333025297605,2,Benign|Infilteration,2
17967932432582724564,2,Benign|Infilteration,2
17968467759271464858,2,Benign|Infilteration,2
17972172121369078288,2,Benign|Infilteration,2
17973412726992091834,2,Benign|Infilteration,2
17976141184309654562,2,Benign|Infilteration,2
17976734931904096237,2,Benign|Infilteration,2
17978363050238345261,2,Benign|Infilteration,2
17981348385979249532,2,Benign|Infilteration,2
17987030228837014691,2,Benign|Infilteration,2
17987940836887072097,2,Benign|Infilteration,2
17989091791678084685,2,Benign|Infilteration,2
17992069847250787200,2,Benign|Infilteration,2
17993538222252312204,2,Benign|Infilteration,2
17994101808379703833,2,Benign|Infilteration,2
17995893477172154927,2,Benign|Infilteration,2
17997695753070648688,2,Benign|Infilteration,2
18007582828245613770,2,Benign|Infilteration,2
18008168552894728505,2,Benign|Infilteration,2
18011197322098135577,2,Benign|Infilteration,2
18014437173737676107,2,Benign|Infilteration,2
18017971487200603520,2,Benign|Infilteration,2
18020110040051623383,2,Benign|Infilteration,2
18024966594464750965,2,Benign|Infilteration,2
18027864848615043991,2,Benign|Infilteration,2
18027880548047512994,2,Benign|Infilteration,2
18032785970723346661,2,Benign|Infilteration,2
18040915665454875854,2,Benign|Infilteration,2
18043365537175979682,2,Benign|Infilteration,2
18043769409715673807,2,Benign|Infilteration,2
18050906528425305033,2,Benign|Infilteration,2
18051131716265739707,2,Benign|Infilteration,2
18054797443714853716,2,Benign|Infilteration,2
18056082836135569157,2,Benign|Infilteration,2
18057289026181166819,2,Benign|Infilteration,2
18058686044147833693,2,Benign|Infilteration,2
18063508154942297465,2,Benign|Infilteration,2
18064790481026305231,2,Benign|Infilteration,2
18065331822816398994,2,Benign|Infilteration,2
18066321608291255184,2,Benign|Infilteration,2
18067159774508785739,2,Benign|Infilteration,2
18067195026434629490,2,Benign|Infilteration,2
18067457073673248614,2,Benign|Infilteration,2
18068947071286187023,2,Benign|Infilteration,2
18069247399173810769,2,Benign|Infilteration,2
18071264055868288291,2,Benign|Infilteration,2
18072282159924187172,2,Benign|Infilteration,2
18075020944105825459,2,Benign|Infilteration,2
18076949066323036269,2,Benign|Infilteration,2
18078258825964757749,2,Benign|Infilteration,2
18080296376791088163,2,Benign|Infilteration,2
18081363035286522529,2,Benign|Infilteration,2
18083876171697549245,2,Benign|Infilteration,2
18085698209974012927,2,Benign|Infilteration,2
18085932332507011629,2,Benign|Infilteration,2
18087097983837286974,2,Benign|Infilteration,2
18090037648047314378,2,Benign|Infilteration,2
18090102283010004278,2,Benign|Infilteration,2
18097948346015964241,2,Benign|Infilteration,2
18100610676130566345,2,Benign|Infilteration,2
18101733060642534635,2,Benign|Infilteration,2
18102419321715065187,2,Benign|Infilteration,2
18102783645766466029,2,Benign|Infilteration,2
18106644857183024089,2,Benign|Infilteration,2
18107486384712578093,2,Benign|Infilteration,2
18107783110845190054,2,Benign|Infilteration,2
18110077129010398056,2,Benign|Infilteration,2
18111154450935433028,2,Benign|Infilteration,2
18113839582212024735,2,Benign|Infilteration,2
18114762908514941664,2,Benign|Infilteration,2
18117302669600269701,2,Benign|Infilteration,2
18119331249054643701,2,Benign|Infilteration,2
18119778160077995912,2,Benign|Infilteration,2
18124409322152990511,2,Benign|Infilteration,2
18129664557238050054,2,Benign|Infilteration,2
18134255151362787911,2,Benign|Infilteration,2
18140826702572044943,2,Benign|Infilteration,2
18142012621216128906,2,Benign|Infilteration,2
18142046732722719141,2,Benign|Infilteration,2
18144497537270468396,2,Benign|Infilteration,2
18144905563832374192,2,Benign|Infilteration,2
18146451298516281922,2,Benign|Infilteration,2
18147449074154975250,2,Benign|Infilteration,2
18150750446006054887,2,Benign|Infilteration,2
18153801660605373901,2,Benign|Infilteration,2
18153835078992622639,2,Benign|Infilteration,2
18156486476878180252,2,Benign|Infilteration,2
18157849505495747223,2,Benign|Infilteration,2
18162878381687977617,2,Benign|Infilteration,2
18171081577138860180,2,Benign|Infilteration,2
18173022625630811607,2,Benign|Infilteration,2
18174827942674311247,2,Benign|Infilteration,2
18183818371351199011,2,Benign|Infilteration,2
18184090946069085226,2,Benign|Infilteration,2
18185894245773077275,2,Benign|Infilteration,2
18191461196088876802,2,Benign|Infilteration,2
18196192565228339584,2,Benign|Infilteration,2
18198083564106076421,2,Benign|Infilteration,2
18199478655698478911,2,Benign|Infilteration,2
18202942716884303634,2,Benign|Infilteration,2
18203237986685026510,2,Benign|Infilteration,2
18204279964344458766,2,Benign|Infilteration,2
18207139958555149172,2,Benign|Infilteration,2
18208626216587623061,2,Benign|Infilteration,2
18208670192056023113,2,Benign|Infilteration,2
18209336649714297404,2,Benign|Infilteration,2
18215731120409791918,2,Benign|Infilteration,2
18217177269206813778,2,Benign|Infilteration,2
18219332347184488454,2,Benign|Infilteration,2
18219856620588520835,2,Benign|Infilteration,2
18230159951099476951,2,Benign|Infilteration,2
18232821855697942197,2,Benign|Infilteration,2
18234102660327303432,2,Benign|Infilteration,2
18243502654687619989,2,Benign|Infilteration,2
18249103713459059931,2,Benign|Infilteration,2
18251328895774893047,2,Benign|Infilteration,2
18251982690410489530,2,Benign|Infilteration,2
18252186276242030040,2,Benign|Infilteration,2
18252411470911851688,2,Benign|Infilteration,2
18253200265691904134,2,Benign|Infilteration,2
18255684022855548531,2,Benign|Infilteration,2
18269736349388027022,2,Benign|Infilteration,2
18273118129045116678,2,Benign|Infilteration,2
18278025599708374939,2,Benign|Infilteration,2
18280418611023707731,2,Benign|Infilteration,2
18280544307164491242,2,Benign|Infilteration,2
18282395034500754572,2,Benign|Infilteration,2
18282649192960759633,2,Benign|Infilteration,2
18287022471895660261,2,Benign|Infilteration,2
18288346411592209238,2,Benign|Infilteration,2
18290662681223092134,2,Benign|Infilteration,2
18296652548415552771,2,Benign|Infilteration,2
18298418863760116005,2,Benign|Infilteration,2
18300393702106939527,2,Benign|Infilteration,2
18302578023388225337,2,Benign|Infilteration,2
18304749648633650064,2,Benign|Infilteration,2
18306130977995969391,2,Benign|Infilteration,2
18308078224885149688,2,Benign|Infilteration,2
18313388973355918576,2,Benign|Infilteration,2
18326296593262424500,2,Benign|Infilteration,2
18326567681901876368,2,Benign|Infilteration,2
18328155542239043209,2,Benign|Infilteration,2
18334005809988957562,2,Benign|Infilteration,2
18337355477078305805,2,Benign|Infilteration,2
18340233329945516859,2,Benign|Infilteration,2
18342608254185251251,2,Benign|Infilteration,2
18343817184312243871,2,Benign|Infilteration,2
18347787876465894068,2,Benign|Infilteration,2
18354319171164025565,2,Benign|Infilteration,2
18354336316171545051,2,Benign|Infilteration,2
18355273563181781394,2,Benign|Infilteration,2
18357662110353645014,2,Benign|Infilteration,2
18362129361428401979,2,Benign|Infilteration,2
18374016713982377478,2,Benign|Infilteration,2
18378058400276500409,2,Benign|Infilteration,2
18378185580574516272,2,Benign|Infilteration,2
18381414586423195855,2,Benign|Infilteration,2
18387792061283805072,2,Benign|Infilteration,2
18388095921563965602,2,Benign|Infilteration,2
18390388512344685383,2,Benign|Infilteration,2
18390493029943179264,2,Benign|Infilteration,2
18391946897526733058,2,Benign|Infilteration,2
18395177481576417830,2,Benign|Infilteration,2
18407301513335692532,2,Benign|Infilteration,2
18409708285783626855,2,Benign|Infilteration,2
18415582750051280312,2,Benign|Infilteration,2
18415784618205115055,2,Benign|Infilteration,2
18417503737844375126,2,Benign|Infilteration,2
18423594097602606206,2,Benign|Infilteration,2
18425231894007367535,2,Benign|Infilteration,2
18429016151658360821,2,Benign|Infilteration,2
18431993132480151725,2,Benign|Infilteration,2
18434629983916564840,2,Benign|Infilteration,2
18444046994098590398,2,Benign|Infilteration,2
